[2026-02-01 05:27:04] [溢价告警] 钢铁LOF(168203) 溢价率: 12.78% (阈值: 10.0%)
[2026-02-01 05:29:34] [溢价告警] 国富恒利债券LOF(164509) 溢价率: 10.42% (阈值: 10.0%)
[2026-02-01 05:30:51] [溢价告警] 石油LOF(162719) 溢价率: 32.57% (阈值: 10.0%)
[2026-02-01 05:31:26] [溢价告警] 金鹰元盛债券LOF(162108) 溢价率: 10.10% (阈值: 10.0%)
[2026-02-01 05:33:01] [溢价告警] 国投资源LOF(161217) 溢价率: 10.48% (阈值: 10.0%)
[2026-02-01 05:33:14] [溢价告警] 原油LOF易方达(161129) 溢价率: 13.14% (阈值: 10.0%)
[2026-02-01 05:36:28] [溢价告警] 石油基金LOF(160416) 溢价率: 32.84% (阈值: 10.0%)
[2026-02-01 05:38:37] [溢价告警] 行业轮动FOF(501220) 溢价率: 15.45% (阈值: 10.0%)
[2026-02-01 05:42:21] [溢价告警] 南方原油LOF(501018) 溢价率: 26.14% (阈值: 10.0%)
[2026-02-01 06:09:41] [溢价告警] 钢铁LOF(168203) 溢价率: 12.78% (阈值: 10.0%)
[2026-02-01 06:11:11] [溢价告警] 国富恒利债券LOF(164509) 溢价率: 10.42% (阈值: 10.0%)
[2026-02-01 06:12:03] [溢价告警] 石油LOF(162719) 溢价率: 32.57% (阈值: 10.0%)
[2026-02-01 06:12:31] [溢价告警] 金鹰元盛债券LOF(162108) 溢价率: 10.10% (阈值: 10.0%)
[2026-02-01 06:13:32] [溢价告警] 国投资源LOF(161217) 溢价率: 10.48% (阈值: 10.0%)
[2026-02-01 06:13:39] [溢价告警] 原油LOF易方达(161129) 溢价率: 13.14% (阈值: 10.0%)
[2026-02-01 06:16:43] [溢价告警] 石油基金LOF(160416) 溢价率: 32.84% (阈值: 10.0%)
[2026-02-01 06:18:55] [溢价告警] 行业轮动FOF(501220) 溢价率: 15.45% (阈值: 10.0%)
[2026-02-01 06:21:28] [溢价告警] 南方原油LOF(501018) 溢价率: 26.14% (阈值: 10.0%)
[2026-02-01 06:48:17] [溢价告警] 钢铁LOF(168203) 溢价率: 12.78% (阈值: 10.0%)
[2026-02-01 06:49:49] [溢价告警] 国富恒利债券LOF(164509) 溢价率: 10.42% (阈值: 10.0%)
[2026-02-01 06:50:39] [溢价告警] 石油LOF(162719) 溢价率: 32.57% (阈值: 10.0%)
[2026-02-01 06:51:00] [溢价告警] 金鹰元盛债券LOF(162108) 溢价率: 10.10% (阈值: 10.0%)
[2026-02-01 06:52:08] [溢价告警] 国投资源LOF(161217) 溢价率: 10.48% (阈值: 10.0%)
[2026-02-01 06:52:16] [溢价告警] 原油LOF易方达(161129) 溢价率: 13.14% (阈值: 10.0%)
[2026-02-01 06:54:54] [溢价告警] 石油基金LOF(160416) 溢价率: 32.84% (阈值: 10.0%)
[2026-02-01 06:56:38] [溢价告警] 行业轮动FOF(501220) 溢价率: 15.45% (阈值: 10.0%)
[2026-02-01 06:59:08] [溢价告警] 南方原油LOF(501018) 溢价率: 26.14% (阈值: 10.0%)
[2026-02-01 07:33:10] [溢价告警] 钢铁LOF(168203) 溢价率: 12.78% (阈值: 10.0%)
[2026-02-01 07:34:35] [溢价告警] 国富恒利债券LOF(164509) 溢价率: 10.42% (阈值: 10.0%)
[2026-02-01 07:35:14] [溢价告警] 石油LOF(162719) 溢价率: 32.57% (阈值: 10.0%)
[2026-02-01 07:35:32] [溢价告警] 金鹰元盛债券LOF(162108) 溢价率: 10.10% (阈值: 10.0%)
[2026-02-01 07:36:24] [溢价告警] 国投资源LOF(161217) 溢价率: 10.48% (阈值: 10.0%)
[2026-02-01 07:36:32] [溢价告警] 原油LOF易方达(161129) 溢价率: 13.14% (阈值: 10.0%)
[2026-02-01 07:38:31] [溢价告警] 石油基金LOF(160416) 溢价率: 32.84% (阈值: 10.0%)
[2026-02-01 07:39:56] [溢价告警] 行业轮动FOF(501220) 溢价率: 15.45% (阈值: 10.0%)
[2026-02-01 07:42:04] [溢价告警] 南方原油LOF(501018) 溢价率: 26.14% (阈值: 10.0%)
[2026-02-01 14:07:35] [溢价告警] 钢铁LOF(168203) 溢价率: 12.78% (阈值: 10.0%)
[2026-02-01 14:11:38] [溢价告警] 国富恒利债券LOF(164509) 溢价率: 10.42% (阈值: 10.0%)
[2026-02-01 14:13:42] [溢价告警] 石油LOF(162719) 溢价率: 32.57% (阈值: 10.0%)
[2026-02-01 14:15:06] [溢价告警] 金鹰元盛债券LOF(162108) 溢价率: 10.10% (阈值: 10.0%)
[2026-02-01 14:17:34] [溢价告警] 国投资源LOF(161217) 溢价率: 10.48% (阈值: 10.0%)
[2026-02-01 14:17:58] [溢价告警] 原油LOF易方达(161129) 溢价率: 13.14% (阈值: 10.0%)
[2026-02-01 14:22:38] [溢价告警] 石油基金LOF(160416) 溢价率: 32.84% (阈值: 10.0%)
[2026-02-01 14:25:37] [溢价告警] 行业轮动FOF(501220) 溢价率: 15.45% (阈值: 10.0%)
[2026-02-01 14:30:07] [溢价告警] 南方原油LOF(501018) 溢价率: 26.14% (阈值: 10.0%)
[2026-02-02 04:40:33] [溢价告警] 石油LOF(162719) 溢价率: 19.29% (阈值: 10.0%)
[2026-02-02 04:43:02] [溢价告警] 国投白银LOF(161226) 溢价率: 43.80% (阈值: 10.0%)
[2026-02-02 04:47:23] [溢价告警] 石油基金LOF(160416) 溢价率: 19.53% (阈值: 10.0%)
[2026-02-02 04:52:59] [溢价告警] 南方原油LOF(501018) 溢价率: 13.54% (阈值: 10.0%)
[2026-02-02 07:00:19] [溢价告警] 石油LOF(162719) 溢价率: 19.29% (阈值: 10.0%)
[2026-02-02 07:01:59] [溢价告警] 国投白银LOF(161226) 溢价率: 43.80% (阈值: 10.0%)
[2026-02-02 07:05:30] [溢价告警] 石油基金LOF(160416) 溢价率: 19.53% (阈值: 10.0%)
[2026-02-02 07:10:07] [溢价告警] 南方原油LOF(501018) 溢价率: 13.54% (阈值: 10.0%)
[2026-02-03 03:21:27] [溢价告警] 国投白银LOF(161226) 溢价率: 88.94% (阈值: 10.0%)
[2026-02-03 05:10:40] [溢价告警] 国投白银LOF(161226) 溢价率: 88.94% (阈值: 10.0%)
[2026-02-03 05:34:38] [溢价告警] 国投白银LOF(161226) 溢价率: 88.94% (阈值: 10.0%)
[2026-02-04 03:14:40] [溢价告警] 国投白银LOF(161226) 溢价率: 64.60% (阈值: 10.0%)
[2026-02-04 05:23:19] [溢价告警] 国投白银LOF(161226) 溢价率: 64.60% (阈值: 10.0%)
[2026-02-05 03:16:55] [溢价告警] 国投白银LOF(161226) 溢价率: 37.13% (阈值: 10.0%)
[2026-02-05 05:39:32] [溢价告警] 国投白银LOF(161226) 溢价率: 37.13% (阈值: 10.0%)
[2026-02-06 03:13:42] [溢价告警] 国投白银LOF(161226) 溢价率: 28.73% (阈值: 10.0%)
[2026-02-06 03:18:12] [溢价告警] 全球芯片LOF(501225) 溢价率: 11.68% (阈值: 10.0%)
[2026-02-06 05:38:41] [溢价告警] 国投白银LOF(161226) 溢价率: 28.73% (阈值: 10.0%)
[2026-02-06 05:44:31] [溢价告警] 全球芯片LOF(501225) 溢价率: 10.74% (阈值: 10.0%)
[2026-02-07 02:55:44] [溢价告警] 国投白银LOF(161226) 溢价率: 49.05% (阈值: 10.0%)
[2026-02-07 03:01:51] [溢价告警] 全球芯片LOF(501225) 溢价率: 10.60% (阈值: 10.0%)
[2026-02-07 05:17:57] [溢价告警] 国投白银LOF(161226) 溢价率: 49.05% (阈值: 10.0%)
[2026-02-07 05:23:31] [溢价告警] 全球芯片LOF(501225) 溢价率: 10.60% (阈值: 10.0%)
[2026-02-08 03:41:00] [溢价告警] 国投白银LOF(161226) 溢价率: 49.05% (阈值: 10.0%)
[2026-02-08 03:47:28] [溢价告警] 全球芯片LOF(501225) 溢价率: 10.60% (阈值: 10.0%)
[2026-02-08 05:46:08] [溢价告警] 国投白银LOF(161226) 溢价率: 49.05% (阈值: 10.0%)
[2026-02-08 05:51:17] [溢价告警] 全球芯片LOF(501225) 溢价率: 10.60% (阈值: 10.0%)
[2026-02-09 03:23:15] [溢价告警] 招商丰泰LOF(161722) 溢价率: 10.29% (阈值: 10.0%)
[2026-02-09 03:23:42] [溢价告警] 国投白银LOF(161226) 溢价率: 58.67% (阈值: 10.0%)
[2026-02-09 03:28:41] [溢价告警] 全球芯片LOF(501225) 溢价率: 14.72% (阈值: 10.0%)
[2026-02-09 05:48:10] [溢价告警] 国投白银LOF(161226) 溢价率: 57.03% (阈值: 10.0%)
[2026-02-09 05:52:37] [溢价告警] 全球芯片LOF(501225) 溢价率: 14.82% (阈值: 10.0%)
[2026-02-10 03:32:33] [溢价告警] 国投白银LOF(161226) 溢价率: 43.78% (阈值: 10.0%)
[2026-02-10 03:37:52] [溢价告警] 全球芯片LOF(501225) 溢价率: 10.89% (阈值: 10.0%)
[2026-02-10 03:40:28] [溢价告警] 南方原油LOF(501018) 溢价率: 11.52% (阈值: 10.0%)
[2026-02-10 05:50:31] [溢价告警] 国投白银LOF(161226) 溢价率: 42.86% (阈值: 10.0%)
[2026-02-10 05:55:24] [溢价告警] 全球芯片LOF(501225) 溢价率: 10.80% (阈值: 10.0%)
[2026-02-10 05:57:55] [溢价告警] 南方原油LOF(501018) 溢价率: 11.69% (阈值: 10.0%)
[2026-02-11 03:30:34] [溢价告警] 国投白银LOF(161226) 溢价率: 36.00% (阈值: 10.0%)
[2026-02-11 03:31:02] [溢价告警] 原油LOF易方达(161129) 溢价率: 14.52% (阈值: 10.0%)
[2026-02-11 03:40:09] [溢价告警] 南方原油LOF(501018) 溢价率: 16.24% (阈值: 10.0%)
[2026-02-11 05:48:41] [溢价告警] 国投白银LOF(161226) 溢价率: 36.32% (阈值: 10.0%)
[2026-02-11 05:49:00] [溢价告警] 原油LOF易方达(161129) 溢价率: 12.98% (阈值: 10.0%)
[2026-02-11 05:55:44] [溢价告警] 南方原油LOF(501018) 溢价率: 16.00% (阈值: 10.0%)
[2026-02-12 03:24:34] [溢价告警] 国投白银LOF(161226) 溢价率: 29.64% (阈值: 10.0%)
[2026-02-12 03:24:54] [溢价告警] 原油LOF易方达(161129) 溢价率: 13.54% (阈值: 10.0%)
[2026-02-12 03:27:52] [溢价告警] 石油基金LOF(160416) 溢价率: 10.96% (阈值: 10.0%)
[2026-02-12 03:29:47] [溢价告警] 全球芯片LOF(501225) 溢价率: 12.33% (阈值: 10.0%)
[2026-02-12 03:32:27] [溢价告警] 南方原油LOF(501018) 溢价率: 12.87% (阈值: 10.0%)
[2026-02-12 05:44:47] [溢价告警] 国投白银LOF(161226) 溢价率: 27.12% (阈值: 10.0%)
[2026-02-12 05:45:09] [溢价告警] 原油LOF易方达(161129) 溢价率: 11.92% (阈值: 10.0%)
[2026-02-12 05:47:42] [溢价告警] 石油基金LOF(160416) 溢价率: 10.23% (阈值: 10.0%)
[2026-02-12 05:49:28] [溢价告警] 全球芯片LOF(501225) 溢价率: 13.00% (阈值: 10.0%)
[2026-02-12 05:51:40] [溢价告警] 南方原油LOF(501018) 溢价率: 11.72% (阈值: 10.0%)
[2026-02-13 03:25:33] [溢价告警] 国投白银LOF(161226) 溢价率: 17.98% (阈值: 10.0%)
[2026-02-13 03:30:48] [溢价告警] 全球芯片LOF(501225) 溢价率: 10.94% (阈值: 10.0%)
[2026-02-13 05:41:49] [溢价告警] 国投白银LOF(161226) 溢价率: 19.62% (阈值: 10.0%)
[2026-02-13 05:46:48] [溢价告警] 全球芯片LOF(501225) 溢价率: 10.77% (阈值: 10.0%)
[2026-02-14 03:10:25] [溢价告警] 国投白银LOF(161226) 溢价率: 27.61% (阈值: 10.0%)
[2026-02-14 03:13:39] [溢价告警] 全球芯片LOF(501225) 溢价率: 14.62% (阈值: 10.0%)
[2026-02-14 05:19:06] [溢价告警] 国投白银LOF(161226) 溢价率: 27.61% (阈值: 10.0%)
[2026-02-14 05:23:44] [溢价告警] 全球芯片LOF(501225) 溢价率: 14.62% (阈值: 10.0%)
[2026-02-15 03:25:16] [溢价告警] 国投白银LOF(161226) 溢价率: 27.61% (阈值: 10.0%)
[2026-02-15 03:30:06] [溢价告警] 全球芯片LOF(501225) 溢价率: 14.62% (阈值: 10.0%)
[2026-02-15 05:37:34] [溢价告警] 国投白银LOF(161226) 溢价率: 27.61% (阈值: 10.0%)
[2026-02-15 05:42:32] [溢价告警] 全球芯片LOF(501225) 溢价率: 14.62% (阈值: 10.0%)
[2026-02-16 03:21:59] [溢价告警] 国投白银LOF(161226) 溢价率: 27.61% (阈值: 10.0%)
[2026-02-16 03:26:55] [溢价告警] 全球芯片LOF(501225) 溢价率: 14.62% (阈值: 10.0%)
[2026-02-16 05:47:18] [溢价告警] 国投白银LOF(161226) 溢价率: 27.61% (阈值: 10.0%)
[2026-02-16 05:51:40] [溢价告警] 全球芯片LOF(501225) 溢价率: 14.62% (阈值: 10.0%)
[2026-02-17 03:16:36] [溢价告警] 国投白银LOF(161226) 溢价率: 27.61% (阈值: 10.0%)
[2026-02-17 03:21:15] [溢价告警] 全球芯片LOF(501225) 溢价率: 14.62% (阈值: 10.0%)
[2026-02-17 05:40:20] [溢价告警] 国投白银LOF(161226) 溢价率: 27.61% (阈值: 10.0%)
[2026-02-17 05:45:05] [溢价告警] 全球芯片LOF(501225) 溢价率: 14.62% (阈值: 10.0%)
[2026-02-18 03:19:20] [溢价告警] 国投白银LOF(161226) 溢价率: 27.61% (阈值: 10.0%)
[2026-02-18 03:23:41] [溢价告警] 全球芯片LOF(501225) 溢价率: 14.62% (阈值: 10.0%)
[2026-02-18 05:41:36] [溢价告警] 国投白银LOF(161226) 溢价率: 27.61% (阈值: 10.0%)
[2026-02-18 05:45:33] [溢价告警] 全球芯片LOF(501225) 溢价率: 14.62% (阈值: 10.0%)
[2026-02-19 03:18:21] [溢价告警] 国投白银LOF(161226) 溢价率: 27.61% (阈值: 10.0%)
[2026-02-19 03:23:18] [溢价告警] 全球芯片LOF(501225) 溢价率: 14.62% (阈值: 10.0%)
[2026-02-19 05:41:00] [溢价告警] 国投白银LOF(161226) 溢价率: 27.61% (阈值: 10.0%)
[2026-02-19 05:45:58] [溢价告警] 全球芯片LOF(501225) 溢价率: 14.62% (阈值: 10.0%)
[2026-02-20 03:14:09] [溢价告警] 国投白银LOF(161226) 溢价率: 27.61% (阈值: 10.0%)
[2026-02-20 03:17:36] [溢价告警] 全球芯片LOF(501225) 溢价率: 14.62% (阈值: 10.0%)
[2026-02-20 05:35:24] [溢价告警] 国投白银LOF(161226) 溢价率: 27.61% (阈值: 10.0%)
[2026-02-20 05:38:40] [溢价告警] 全球芯片LOF(501225) 溢价率: 14.62% (阈值: 10.0%)
[2026-02-21 02:54:09] [溢价告警] 国投白银LOF(161226) 溢价率: 27.61% (阈值: 10.0%)
[2026-02-21 03:00:07] [溢价告警] 全球芯片LOF(501225) 溢价率: 14.62% (阈值: 10.0%)
[2026-02-21 05:17:28] [溢价告警] 国投白银LOF(161226) 溢价率: 27.61% (阈值: 10.0%)
[2026-02-21 05:21:45] [溢价告警] 全球芯片LOF(501225) 溢价率: 14.62% (阈值: 10.0%)
[2026-02-22 03:20:30] [溢价告警] 国投白银LOF(161226) 溢价率: 27.61% (阈值: 10.0%)
[2026-02-22 03:25:29] [溢价告警] 全球芯片LOF(501225) 溢价率: 14.62% (阈值: 10.0%)
[2026-02-22 05:35:35] [溢价告警] 国投白银LOF(161226) 溢价率: 27.61% (阈值: 10.0%)
[2026-02-22 05:40:12] [溢价告警] 全球芯片LOF(501225) 溢价率: 14.62% (阈值: 10.0%)
[2026-02-23 03:23:17] [溢价告警] 国投白银LOF(161226) 溢价率: 27.61% (阈值: 10.0%)
[2026-02-23 03:28:00] [溢价告警] 全球芯片LOF(501225) 溢价率: 14.62% (阈值: 10.0%)
[2026-02-23 05:49:26] [溢价告警] 国投白银LOF(161226) 溢价率: 27.61% (阈值: 10.0%)
[2026-02-23 05:54:45] [溢价告警] 全球芯片LOF(501225) 溢价率: 14.62% (阈值: 10.0%)
[2026-02-24 03:18:23] [溢价告警] 国投白银LOF(161226) 溢价率: 38.92% (阈值: 10.0%)
[2026-02-24 03:18:45] [溢价告警] 原油LOF易方达(161129) 溢价率: 18.79% (阈值: 10.0%)
[2026-02-24 03:20:23] [溢价告警] 嘉实原油LOF(160723) 溢价率: 11.65% (阈值: 10.0%)
[2026-02-24 03:21:47] [溢价告警] 石油基金LOF(160416) 溢价率: 14.05% (阈值: 10.0%)
[2026-02-24 03:23:34] [溢价告警] 全球芯片LOF(501225) 溢价率: 14.13% (阈值: 10.0%)
[2026-02-24 03:26:04] [溢价告警] 南方原油LOF(501018) 溢价率: 19.13% (阈值: 10.0%)
[2026-02-24 05:41:37] [溢价告警] 国投白银LOF(161226) 溢价率: 39.06% (阈值: 10.0%)
[2026-02-24 05:41:55] [溢价告警] 原油LOF易方达(161129) 溢价率: 17.94% (阈值: 10.0%)
[2026-02-24 05:43:28] [溢价告警] 嘉实原油LOF(160723) 溢价率: 10.59% (阈值: 10.0%)
[2026-02-24 05:44:50] [溢价告警] 石油基金LOF(160416) 溢价率: 13.18% (阈值: 10.0%)
[2026-02-24 05:46:32] [溢价告警] 全球芯片LOF(501225) 溢价率: 14.13% (阈值: 10.0%)
[2026-02-24 05:48:41] [溢价告警] 南方原油LOF(501018) 溢价率: 18.30% (阈值: 10.0%)
[2026-02-25 03:19:35] [溢价告警] 国投白银LOF(161226) 溢价率: 35.95% (阈值: 10.0%)
[2026-02-25 03:19:58] [溢价告警] 原油LOF易方达(161129) 溢价率: 25.77% (阈值: 10.0%)
[2026-02-25 03:21:31] [溢价告警] 嘉实原油LOF(160723) 溢价率: 15.93% (阈值: 10.0%)
[2026-02-25 03:22:57] [溢价告警] 石油基金LOF(160416) 溢价率: 23.92% (阈值: 10.0%)
[2026-02-25 03:24:53] [溢价告警] 全球芯片LOF(501225) 溢价率: 13.47% (阈值: 10.0%)
[2026-02-25 03:27:27] [溢价告警] 南方原油LOF(501018) 溢价率: 26.73% (阈值: 10.0%)
[2026-02-25 05:43:28] [溢价告警] 国投白银LOF(161226) 溢价率: 37.57% (阈值: 10.0%)
[2026-02-25 05:43:47] [溢价告警] 原油LOF易方达(161129) 溢价率: 23.25% (阈值: 10.0%)
[2026-02-25 05:45:03] [溢价告警] 嘉实原油LOF(160723) 溢价率: 15.01% (阈值: 10.0%)
[2026-02-25 05:46:10] [溢价告警] 石油基金LOF(160416) 溢价率: 25.45% (阈值: 10.0%)
[2026-02-25 05:47:47] [溢价告警] 全球芯片LOF(501225) 溢价率: 13.43% (阈值: 10.0%)
[2026-02-25 05:49:57] [溢价告警] 南方原油LOF(501018) 溢价率: 26.07% (阈值: 10.0%)
[2026-02-26 03:14:37] [溢价告警] 国投白银LOF(161226) 溢价率: 32.19% (阈值: 10.0%)
[2026-02-26 03:14:54] [溢价告警] 原油LOF易方达(161129) 溢价率: 13.59% (阈值: 10.0%)
[2026-02-26 03:17:02] [溢价告警] 石油基金LOF(160416) 溢价率: 20.24% (阈值: 10.0%)
[2026-02-26 03:18:28] [溢价告警] 全球芯片LOF(501225) 溢价率: 11.13% (阈值: 10.0%)
[2026-02-26 03:20:12] [溢价告警] 南方原油LOF(501018) 溢价率: 13.18% (阈值: 10.0%)
[2026-02-26 05:38:58] [溢价告警] 国投白银LOF(161226) 溢价率: 36.47% (阈值: 10.0%)
[2026-02-26 05:39:12] [溢价告警] 原油LOF易方达(161129) 溢价率: 13.59% (阈值: 10.0%)
[2026-02-26 05:41:16] [溢价告警] 石油基金LOF(160416) 溢价率: 18.54% (阈值: 10.0%)
[2026-02-26 05:42:34] [溢价告警] 全球芯片LOF(501225) 溢价率: 12.21% (阈值: 10.0%)
[2026-02-26 05:43:35] [溢价告警] 南方原油LOF(501018) 溢价率: 14.21% (阈值: 10.0%)
[2026-02-27 03:11:10] [溢价告警] 国投白银LOF(161226) 溢价率: 34.36% (阈值: 10.0%)
[2026-02-27 03:11:23] [溢价告警] 原油LOF易方达(161129) 溢价率: 14.62% (阈值: 10.0%)
[2026-02-27 03:12:57] [溢价告警] 石油基金LOF(160416) 溢价率: 17.91% (阈值: 10.0%)
[2026-02-27 03:14:02] [溢价告警] 全球芯片LOF(501225) 溢价率: 11.64% (阈值: 10.0%)
[2026-02-27 03:15:30] [溢价告警] 南方原油LOF(501018) 溢价率: 14.69% (阈值: 10.0%)
[2026-02-27 05:24:09] [溢价告警] 国投白银LOF(161226) 溢价率: 33.85% (阈值: 10.0%)
[2026-02-27 05:24:26] [溢价告警] 原油LOF易方达(161129) 溢价率: 14.71% (阈值: 10.0%)
[2026-02-27 05:26:49] [溢价告警] 石油基金LOF(160416) 溢价率: 17.66% (阈值: 10.0%)
[2026-02-27 05:28:19] [溢价告警] 全球芯片LOF(501225) 溢价率: 13.49% (阈值: 10.0%)
[2026-02-27 05:30:28] [溢价告警] 南方原油LOF(501018) 溢价率: 14.37% (阈值: 10.0%)
[2026-02-28 02:41:55] [溢价告警] 国投白银LOF(161226) 溢价率: 37.85% (阈值: 10.0%)
[2026-02-28 02:42:08] [溢价告警] 原油LOF易方达(161129) 溢价率: 14.73% (阈值: 10.0%)
[2026-02-28 02:43:46] [溢价告警] 石油基金LOF(160416) 溢价率: 19.80% (阈值: 10.0%)
[2026-02-28 02:44:49] [溢价告警] 全球芯片LOF(501225) 溢价率: 16.34% (阈值: 10.0%)
[2026-02-28 02:46:20] [溢价告警] 南方原油LOF(501018) 溢价率: 14.84% (阈值: 10.0%)
[2026-02-28 05:08:25] [溢价告警] 国投白银LOF(161226) 溢价率: 37.85% (阈值: 10.0%)
[2026-02-28 05:08:46] [溢价告警] 原油LOF易方达(161129) 溢价率: 14.73% (阈值: 10.0%)
[2026-02-28 05:11:47] [溢价告警] 石油基金LOF(160416) 溢价率: 19.80% (阈值: 10.0%)
[2026-02-28 05:13:34] [溢价告警] 全球芯片LOF(501225) 溢价率: 16.34% (阈值: 10.0%)
[2026-02-28 05:16:13] [溢价告警] 南方原油LOF(501018) 溢价率: 14.84% (阈值: 10.0%)
[2026-03-01 03:27:57] [溢价告警] 国投白银LOF(161226) 溢价率: 37.85% (阈值: 10.0%)
[2026-03-01 03:28:03] [溢价告警] 原油LOF易方达(161129) 溢价率: 14.73% (阈值: 10.0%)
[2026-03-01 03:30:34] [溢价告警] 石油基金LOF(160416) 溢价率: 19.80% (阈值: 10.0%)
[2026-03-01 03:32:20] [溢价告警] 全球芯片LOF(501225) 溢价率: 16.34% (阈值: 10.0%)
[2026-03-01 03:34:49] [溢价告警] 南方原油LOF(501018) 溢价率: 14.84% (阈值: 10.0%)
[2026-03-01 05:35:04] [溢价告警] 国投白银LOF(161226) 溢价率: 37.85% (阈值: 10.0%)
[2026-03-01 05:35:15] [溢价告警] 原油LOF易方达(161129) 溢价率: 14.73% (阈值: 10.0%)
[2026-03-01 05:36:43] [溢价告警] 石油基金LOF(160416) 溢价率: 19.80% (阈值: 10.0%)
[2026-03-01 05:37:05] [溢价告警] 全球芯片LOF(501225) 溢价率: 16.34% (阈值: 10.0%)
[2026-03-01 05:37:38] [溢价告警] 南方原油LOF(501018) 溢价率: 14.84% (阈值: 10.0%)
[2026-03-02 03:14:14] [溢价告警] 国投白银LOF(161226) 溢价率: 49.40% (阈值: 10.0%)
[2026-03-02 03:14:33] [溢价告警] 原油LOF易方达(161129) 溢价率: 26.14% (阈值: 10.0%)
[2026-03-02 03:15:30] [溢价告警] 嘉实原油LOF(160723) 溢价率: 16.93% (阈值: 10.0%)
[2026-03-02 03:16:15] [溢价告警] 石油基金LOF(160416) 溢价率: 31.78% (阈值: 10.0%)
[2026-03-02 03:17:24] [溢价告警] 全球芯片LOF(501225) 溢价率: 14.59% (阈值: 10.0%)
[2026-03-02 03:18:56] [溢价告警] 南方原油LOF(501018) 溢价率: 25.85% (阈值: 10.0%)
[2026-03-02 05:24:04] [溢价告警] 国投白银LOF(161226) 溢价率: 48.80% (阈值: 10.0%)
[2026-03-02 05:24:21] [溢价告警] 原油LOF易方达(161129) 溢价率: 26.22% (阈值: 10.0%)
[2026-03-02 05:25:38] [溢价告警] 嘉实原油LOF(160723) 溢价率: 17.82% (阈值: 10.0%)
[2026-03-02 05:26:49] [溢价告警] 石油基金LOF(160416) 溢价率: 31.78% (阈值: 10.0%)
[2026-03-02 05:28:26] [溢价告警] 全球芯片LOF(501225) 溢价率: 15.29% (阈值: 10.0%)
[2026-03-02 05:30:31] [溢价告警] 南方原油LOF(501018) 溢价率: 26.33% (阈值: 10.0%)
[2026-03-03 03:16:27] [溢价告警] 全球油气能源LOF(163208) 溢价率: 17.55% (阈值: 10.0%)
[2026-03-03 03:16:52] [溢价告警] 石油LOF(162719) 溢价率: 18.94% (阈值: 10.0%)
[2026-03-03 03:17:13] [溢价告警] 华宝油气LOF(162411) 溢价率: 17.99% (阈值: 10.0%)
[2026-03-03 03:18:31] [溢价告警] 国投白银LOF(161226) 溢价率: 37.88% (阈值: 10.0%)
[2026-03-03 03:18:51] [溢价告警] 原油LOF易方达(161129) 溢价率: 37.92% (阈值: 10.0%)
[2026-03-03 03:20:28] [溢价告警] 嘉实原油LOF(160723) 溢价率: 28.61% (阈值: 10.0%)
[2026-03-03 03:21:32] [溢价告警] 石油基金LOF(160416) 溢价率: 43.58% (阈值: 10.0%)
[2026-03-03 03:22:58] [溢价告警] 军工LOF(502003) 溢价率: 18.75% (阈值: 10.0%)
[2026-03-03 03:23:17] [溢价告警] 全球芯片LOF(501225) 溢价率: 15.99% (阈值: 10.0%)
[2026-03-03 03:25:41] [溢价告警] 南方原油LOF(501018) 溢价率: 37.55% (阈值: 10.0%)
[2026-03-03 05:21:52] [溢价告警] 全球油气能源LOF(163208) 溢价率: 17.64% (阈值: 10.0%)
[2026-03-03 05:22:17] [溢价告警] 石油LOF(162719) 溢价率: 18.94% (阈值: 10.0%)
[2026-03-03 05:22:40] [溢价告警] 华宝油气LOF(162411) 溢价率: 18.35% (阈值: 10.0%)
[2026-03-03 05:23:55] [溢价告警] 国投白银LOF(161226) 溢价率: 35.97% (阈值: 10.0%)
[2026-03-03 05:24:13] [溢价告警] 原油LOF易方达(161129) 溢价率: 37.92% (阈值: 10.0%)
[2026-03-03 05:25:40] [溢价告警] 嘉实原油LOF(160723) 溢价率: 28.61% (阈值: 10.0%)
[2026-03-03 05:26:57] [溢价告警] 石油基金LOF(160416) 溢价率: 43.58% (阈值: 10.0%)
[2026-03-03 05:28:21] [溢价告警] 军工LOF(502003) 溢价率: 18.75% (阈值: 10.0%)
[2026-03-03 05:28:41] [溢价告警] 全球芯片LOF(501225) 溢价率: 15.23% (阈值: 10.0%)
[2026-03-03 05:30:57] [溢价告警] 南方原油LOF(501018) 溢价率: 37.55% (阈值: 10.0%)
[2026-03-04 02:52:31] [溢价告警] 石油LOF(162719) 溢价率: 16.37% (阈值: 10.0%)
[2026-03-04 02:52:50] [溢价告警] 华宝油气LOF(162411) 溢价率: 10.02% (阈值: 10.0%)
[2026-03-04 02:54:02] [溢价告警] 国投白银LOF(161226) 溢价率: 33.79% (阈值: 10.0%)
[2026-03-04 02:54:20] [溢价告警] 原油LOF易方达(161129) 溢价率: 34.65% (阈值: 10.0%)
[2026-03-04 02:55:40] [溢价告警] 嘉实原油LOF(160723) 溢价率: 23.81% (阈值: 10.0%)
[2026-03-04 02:57:00] [溢价告警] 石油基金LOF(160416) 溢价率: 47.85% (阈值: 10.0%)
[2026-03-04 02:58:27] [溢价告警] 军工LOF(502003) 溢价率: 13.99% (阈值: 10.0%)
[2026-03-04 03:01:09] [溢价告警] 南方原油LOF(501018) 溢价率: 34.05% (阈值: 10.0%)
[2026-03-04 05:16:06] [溢价告警] 石油LOF(162719) 溢价率: 14.74% (阈值: 10.0%)
[2026-03-04 05:17:31] [溢价告警] 国投白银LOF(161226) 溢价率: 32.46% (阈值: 10.0%)
[2026-03-04 05:17:48] [溢价告警] 原油LOF易方达(161129) 溢价率: 33.12% (阈值: 10.0%)
[2026-03-04 05:19:01] [溢价告警] 嘉实原油LOF(160723) 溢价率: 20.63% (阈值: 10.0%)
[2026-03-04 05:20:06] [溢价告警] 石油基金LOF(160416) 溢价率: 47.85% (阈值: 10.0%)
[2026-03-04 05:21:20] [溢价告警] 军工LOF(502003) 溢价率: 13.99% (阈值: 10.0%)
[2026-03-04 05:23:36] [溢价告警] 南方原油LOF(501018) 溢价率: 31.30% (阈值: 10.0%)
[2026-03-05 03:11:34] [溢价告警] 国投白银LOF(161226) 溢价率: 43.71% (阈值: 10.0%)
[2026-03-05 03:11:47] [溢价告警] 原油LOF易方达(161129) 溢价率: 26.21% (阈值: 10.0%)
[2026-03-05 03:12:39] [溢价告警] 嘉实原油LOF(160723) 溢价率: 12.57% (阈值: 10.0%)
[2026-03-05 03:13:26] [溢价告警] 石油基金LOF(160416) 溢价率: 38.64% (阈值: 10.0%)
[2026-03-05 03:14:35] [溢价告警] 全球芯片LOF(501225) 溢价率: 16.66% (阈值: 10.0%)
[2026-03-05 03:16:07] [溢价告警] 南方原油LOF(501018) 溢价率: 20.42% (阈值: 10.0%)
[2026-03-05 05:20:41] [溢价告警] 国投白银LOF(161226) 溢价率: 43.42% (阈值: 10.0%)
[2026-03-05 05:20:56] [溢价告警] 原油LOF易方达(161129) 溢价率: 27.33% (阈值: 10.0%)
[2026-03-05 05:22:05] [溢价告警] 嘉实原油LOF(160723) 溢价率: 14.74% (阈值: 10.0%)
[2026-03-05 05:23:08] [溢价告警] 石油基金LOF(160416) 溢价率: 44.19% (阈值: 10.0%)
[2026-03-05 05:24:32] [溢价告警] 全球芯片LOF(501225) 溢价率: 17.13% (阈值: 10.0%)
[2026-03-05 05:26:29] [溢价告警] 南方原油LOF(501018) 溢价率: 22.22% (阈值: 10.0%)
[2026-03-06 03:11:11] [溢价告警] 国投白银LOF(161226) 溢价率: 38.87% (阈值: 10.0%)
[2026-03-06 03:11:25] [溢价告警] 原油LOF易方达(161129) 溢价率: 19.70% (阈值: 10.0%)
[2026-03-06 03:13:04] [溢价告警] 石油基金LOF(160416) 溢价率: 28.74% (阈值: 10.0%)
[2026-03-06 03:14:15] [溢价告警] 全球芯片LOF(501225) 溢价率: 12.56% (阈值: 10.0%)
[2026-03-06 03:15:43] [溢价告警] 南方原油LOF(501018) 溢价率: 16.12% (阈值: 10.0%)
[2026-03-07 02:49:28] [溢价告警] 国投白银LOF(161226) 溢价率: 39.23% (阈值: 10.0%)
[2026-03-07 02:49:50] [溢价告警] 原油LOF易方达(161129) 溢价率: 13.19% (阈值: 10.0%)
[2026-03-07 02:53:00] [溢价告警] 石油基金LOF(160416) 溢价率: 21.73% (阈值: 10.0%)
[2026-03-07 02:54:58] [溢价告警] 全球芯片LOF(501225) 溢价率: 14.30% (阈值: 10.0%)
[2026-03-07 05:11:46] [溢价告警] 国投白银LOF(161226) 溢价率: 39.23% (阈值: 10.0%)
[2026-03-07 05:11:59] [溢价告警] 原油LOF易方达(161129) 溢价率: 13.19% (阈值: 10.0%)
[2026-03-07 05:14:26] [溢价告警] 石油基金LOF(160416) 溢价率: 21.73% (阈值: 10.0%)
[2026-03-07 05:16:02] [溢价告警] 全球芯片LOF(501225) 溢价率: 14.30% (阈值: 10.0%)
[2026-03-08 03:17:07] [溢价告警] 国投白银LOF(161226) 溢价率: 39.23% (阈值: 10.0%)
[2026-03-08 03:17:25] [溢价告警] 原油LOF易方达(161129) 溢价率: 13.19% (阈值: 10.0%)
[2026-03-08 03:20:21] [溢价告警] 石油基金LOF(160416) 溢价率: 21.73% (阈值: 10.0%)
[2026-03-08 03:22:09] [溢价告警] 全球芯片LOF(501225) 溢价率: 14.30% (阈值: 10.0%)
[2026-03-08 05:19:49] [溢价告警] 国投白银LOF(161226) 溢价率: 39.23% (阈值: 10.0%)
[2026-03-08 05:20:07] [溢价告警] 原油LOF易方达(161129) 溢价率: 13.19% (阈值: 10.0%)
[2026-03-08 05:23:08] [溢价告警] 石油基金LOF(160416) 溢价率: 21.73% (阈值: 10.0%)
[2026-03-08 05:25:09] [溢价告警] 全球芯片LOF(501225) 溢价率: 14.30% (阈值: 10.0%)
[2026-03-09 03:19:10] [溢价告警] 国投白银LOF(161226) 溢价率: 32.86% (阈值: 10.0%)
[2026-03-09 03:19:28] [溢价告警] 原油LOF易方达(161129) 溢价率: 24.52% (阈值: 10.0%)
[2026-03-09 03:20:52] [溢价告警] 嘉实原油LOF(160723) 溢价率: 16.93% (阈值: 10.0%)
[2026-03-09 03:22:06] [溢价告警] 石油基金LOF(160416) 溢价率: 31.05% (阈值: 10.0%)
[2026-03-09 03:26:11] [溢价告警] 南方原油LOF(501018) 溢价率: 20.68% (阈值: 10.0%)
[2026-03-09 05:38:13] [溢价告警] 国投白银LOF(161226) 溢价率: 35.15% (阈值: 10.0%)
[2026-03-09 05:38:24] [溢价告警] 原油LOF易方达(161129) 溢价率: 24.52% (阈值: 10.0%)
[2026-03-09 05:39:18] [溢价告警] 嘉实原油LOF(160723) 溢价率: 16.93% (阈值: 10.0%)
[2026-03-09 05:40:10] [溢价告警] 石油基金LOF(160416) 溢价率: 26.74% (阈值: 10.0%)
[2026-03-09 05:41:17] [溢价告警] 全球芯片LOF(501225) 溢价率: 10.50% (阈值: 10.0%)
[2026-03-09 05:42:40] [溢价告警] 南方原油LOF(501018) 溢价率: 20.68% (阈值: 10.0%)
[2026-03-10 02:53:34] [溢价告警] 国投白银LOF(161226) 溢价率: 41.99% (阈值: 10.0%)
[2026-03-10 02:53:51] [溢价告警] 原油LOF易方达(161129) 溢价率: 10.79% (阈值: 10.0%)
[2026-03-10 02:56:30] [溢价告警] 石油基金LOF(160416) 溢价率: 14.00% (阈值: 10.0%)
[2026-03-10 02:58:08] [溢价告警] 全球芯片LOF(501225) 溢价率: 16.05% (阈值: 10.0%)
[2026-03-10 05:19:18] [溢价告警] 国投白银LOF(161226) 溢价率: 41.32% (阈值: 10.0%)
[2026-03-10 05:19:30] [溢价告警] 原油LOF易方达(161129) 溢价率: 12.84% (阈值: 10.0%)
[2026-03-10 05:21:56] [溢价告警] 石油基金LOF(160416) 溢价率: 14.29% (阈值: 10.0%)
[2026-03-10 05:23:29] [溢价告警] 全球芯片LOF(501225) 溢价率: 15.91% (阈值: 10.0%)
[2026-03-11 02:53:23] [溢价告警] 国投白银LOF(161226) 溢价率: 33.90% (阈值: 10.0%)
[2026-03-11 02:58:04] [溢价告警] 全球芯片LOF(501225) 溢价率: 12.37% (阈值: 10.0%)
[2026-03-11 05:19:56] [溢价告警] 国投白银LOF(161226) 溢价率: 33.23% (阈值: 10.0%)
[2026-03-11 05:23:29] [溢价告警] 全球芯片LOF(501225) 溢价率: 12.47% (阈值: 10.0%)
[2026-03-12 03:15:32] [溢价告警] 国投白银LOF(161226) 溢价率: 26.46% (阈值: 10.0%)
[2026-03-12 03:15:50] [溢价告警] 原油LOF易方达(161129) 溢价率: 16.90% (阈值: 10.0%)
[2026-03-12 03:17:14] [溢价告警] 嘉实原油LOF(160723) 溢价率: 12.76% (阈值: 10.0%)
[2026-03-12 03:18:30] [溢价告警] 石油基金LOF(160416) 溢价率: 16.68% (阈值: 10.0%)
[2026-03-12 03:20:14] [溢价告警] 全球芯片LOF(501225) 溢价率: 10.09% (阈值: 10.0%)
[2026-03-12 03:22:40] [溢价告警] 南方原油LOF(501018) 溢价率: 14.27% (阈值: 10.0%)
[2026-03-12 05:33:32] [溢价告警] 国投白银LOF(161226) 溢价率: 25.60% (阈值: 10.0%)
[2026-03-12 05:33:41] [溢价告警] 原油LOF易方达(161129) 溢价率: 15.75% (阈值: 10.0%)
[2026-03-12 05:34:34] [溢价告警] 嘉实原油LOF(160723) 溢价率: 11.98% (阈值: 10.0%)
[2026-03-12 05:35:30] [溢价告警] 石油基金LOF(160416) 溢价率: 15.40% (阈值: 10.0%)
[2026-03-12 05:38:34] [溢价告警] 南方原油LOF(501018) 溢价率: 13.31% (阈值: 10.0%)
[2026-03-12 11:23:54] [溢价告警] 国投白银LOF(161226) 溢价率: 27.94% (阈值: 10.0%)
[2026-03-12 11:23:55] [溢价告警] 原油LOF易方达(161129) 溢价率: 10.72% (阈值: 10.0%)
[2026-03-12 11:23:57] [溢价告警] 嘉实原油LOF(160723) 溢价率: 10.70% (阈值: 10.0%)
[2026-03-12 11:23:59] [溢价告警] 石油基金LOF(160416) 溢价率: 11.03% (阈值: 10.0%)
[2026-03-12 11:24:10] [溢价告警] 南方原油LOF(501018) 溢价率: 10.00% (阈值: 10.0%)
[2026-03-12 11:30:17] [溢价告警] 国投白银LOF(161226) 溢价率: 27.94% (阈值: 10.0%)
[2026-03-12 11:30:18] [溢价告警] 原油LOF易方达(161129) 溢价率: 10.72% (阈值: 10.0%)
[2026-03-12 11:30:19] [溢价告警] 嘉实原油LOF(160723) 溢价率: 10.70% (阈值: 10.0%)
[2026-03-12 11:30:21] [溢价告警] 石油基金LOF(160416) 溢价率: 11.03% (阈值: 10.0%)
[2026-03-12 11:30:24] [溢价告警] 南方原油LOF(501018) 溢价率: 10.00% (阈值: 10.0%)
[2026-03-12 11:38:58] [溢价告警] 国投白银LOF(161226) 溢价率: 27.94% (阈值: 10.0%)
[2026-03-12 11:39:00] [溢价告警] 原油LOF易方达(161129) 溢价率: 10.72% (阈值: 10.0%)
[2026-03-12 11:39:03] [溢价告警] 嘉实原油LOF(160723) 溢价率: 10.70% (阈值: 10.0%)
[2026-03-12 11:39:09] [溢价告警] 石油基金LOF(160416) 溢价率: 11.03% (阈值: 10.0%)
[2026-03-12 11:39:12] [溢价告警] 南方原油LOF(501018) 溢价率: 10.00% (阈值: 10.0%)
[2026-03-13 03:08:35] [溢价告警] 国投白银LOF(161226) 溢价率: 29.76% (阈值: 10.0%)
[2026-03-13 03:08:39] [溢价告警] 原油LOF易方达(161129) 溢价率: 14.14% (阈值: 10.0%)
[2026-03-13 03:08:41] [溢价告警] 嘉实原油LOF(160723) 溢价率: 13.58% (阈值: 10.0%)
[2026-03-13 03:08:43] [溢价告警] 石油基金LOF(160416) 溢价率: 11.85% (阈值: 10.0%)
[2026-03-13 03:08:45] [溢价告警] 南方原油LOF(501018) 溢价率: 13.05% (阈值: 10.0%)
[2026-03-13 05:19:12] [溢价告警] 国投白银LOF(161226) 溢价率: 29.44% (阈值: 10.0%)
[2026-03-13 05:19:13] [溢价告警] 原油LOF易方达(161129) 溢价率: 13.68% (阈值: 10.0%)
[2026-03-13 05:19:14] [溢价告警] 嘉实原油LOF(160723) 溢价率: 12.97% (阈值: 10.0%)
[2026-03-13 05:19:15] [溢价告警] 石油基金LOF(160416) 溢价率: 10.83% (阈值: 10.0%)
[2026-03-13 05:19:18] [溢价告警] 南方原油LOF(501018) 溢价率: 12.54% (阈值: 10.0%)
[2026-03-14 02:50:46] [溢价告警] 国投白银LOF(161226) 溢价率: 28.88% (阈值: 10.0%)
[2026-03-14 02:50:49] [溢价告警] 全球芯片LOF(501225) 溢价率: 10.79% (阈值: 10.0%)
[2026-03-14 05:16:49] [溢价告警] 国投白银LOF(161226) 溢价率: 28.88% (阈值: 10.0%)
[2026-03-14 05:16:50] [溢价告警] 全球芯片LOF(501225) 溢价率: 10.79% (阈值: 10.0%)
[2026-03-15 03:31:02] [溢价告警] 国投白银LOF(161226) 溢价率: 28.88% (阈值: 10.0%)
[2026-03-15 03:31:04] [溢价告警] 全球芯片LOF(501225) 溢价率: 10.79% (阈值: 10.0%)
[2026-03-15 05:45:54] [溢价告警] 国投白银LOF(161226) 溢价率: 28.88% (阈值: 10.0%)
[2026-03-15 05:45:55] [溢价告警] 全球芯片LOF(501225) 溢价率: 10.79% (阈值: 10.0%)
[2026-03-16 03:33:50] [溢价告警] 国投白银LOF(161226) 溢价率: 20.20% (阈值: 10.0%)
[2026-03-16 03:33:52] [溢价告警] 原油LOF易方达(161129) 溢价率: 12.65% (阈值: 10.0%)
[2026-03-16 03:33:53] [溢价告警] 嘉实原油LOF(160723) 溢价率: 11.74% (阈值: 10.0%)
[2026-03-16 03:33:55] [溢价告警] 石油基金LOF(160416) 溢价率: 11.52% (阈值: 10.0%)
[2026-03-16 03:33:59] [溢价告警] 南方原油LOF(501018) 溢价率: 10.66% (阈值: 10.0%)
[2026-03-16 05:58:31] [溢价告警] 国投白银LOF(161226) 溢价率: 22.28% (阈值: 10.0%)
[2026-03-16 05:58:32] [溢价告警] 原油LOF易方达(161129) 溢价率: 12.16% (阈值: 10.0%)
[2026-03-16 05:58:33] [溢价告警] 嘉实原油LOF(160723) 溢价率: 11.22% (阈值: 10.0%)
[2026-03-16 05:58:34] [溢价告警] 石油基金LOF(160416) 溢价率: 10.27% (阈值: 10.0%)
[2026-03-16 05:58:35] [溢价告警] 全球芯片LOF(501225) 溢价率: 10.69% (阈值: 10.0%)
[2026-03-16 05:58:39] [溢价告警] 南方原油LOF(501018) 溢价率: 10.19% (阈值: 10.0%)
[2026-03-17 03:12:38] [溢价告警] 国投白银LOF(161226) 溢价率: 28.94% (阈值: 10.0%)
[2026-03-17 03:12:41] [溢价告警] 原油LOF易方达(161129) 溢价率: 16.62% (阈值: 10.0%)
[2026-03-17 03:12:43] [溢价告警] 嘉实原油LOF(160723) 溢价率: 17.44% (阈值: 10.0%)
[2026-03-17 03:12:44] [溢价告警] 全球芯片LOF(501225) 溢价率: 12.34% (阈值: 10.0%)
[2026-03-17 03:12:50] [溢价告警] 南方原油LOF(501018) 溢价率: 14.70% (阈值: 10.0%)
[2026-03-17 05:37:18] [溢价告警] 国投白银LOF(161226) 溢价率: 30.45% (阈值: 10.0%)
[2026-03-17 05:37:19] [溢价告警] 原油LOF易方达(161129) 溢价率: 19.46% (阈值: 10.0%)
[2026-03-17 05:37:20] [溢价告警] 嘉实原油LOF(160723) 溢价率: 21.04% (阈值: 10.0%)
[2026-03-17 05:37:22] [溢价告警] 全球芯片LOF(501225) 溢价率: 12.48% (阈值: 10.0%)
[2026-03-17 05:37:27] [溢价告警] 南方原油LOF(501018) 溢价率: 16.89% (阈值: 10.0%)
[2026-03-18 03:20:43] [溢价告警] 国投白银LOF(161226) 溢价率: 24.60% (阈值: 10.0%)
[2026-03-18 03:20:45] [溢价告警] 原油LOF易方达(161129) 溢价率: 23.13% (阈值: 10.0%)
[2026-03-18 03:20:47] [溢价告警] 嘉实原油LOF(160723) 溢价率: 24.19% (阈值: 10.0%)
[2026-03-18 03:20:49] [溢价告警] 石油基金LOF(160416) 溢价率: 13.33% (阈值: 10.0%)
[2026-03-18 03:20:53] [溢价告警] 南方原油LOF(501018) 溢价率: 22.84% (阈值: 10.0%)
[2026-03-18 05:42:24] [溢价告警] 国投白银LOF(161226) 溢价率: 24.77% (阈值: 10.0%)
[2026-03-18 05:42:25] [溢价告警] 原油LOF易方达(161129) 溢价率: 15.02% (阈值: 10.0%)
[2026-03-18 05:42:26] [溢价告警] 嘉实原油LOF(160723) 溢价率: 15.52% (阈值: 10.0%)
[2026-03-18 05:42:29] [溢价告警] 南方原油LOF(501018) 溢价率: 15.63% (阈值: 10.0%)
[2026-03-19 03:20:28] [溢价告警] 国投白银LOF(161226) 溢价率: 21.32% (阈值: 10.0%)
[2026-03-19 03:20:31] [溢价告警] 原油LOF易方达(161129) 溢价率: 22.03% (阈值: 10.0%)
[2026-03-19 03:20:33] [溢价告警] 嘉实原油LOF(160723) 溢价率: 23.09% (阈值: 10.0%)
[2026-03-19 03:20:35] [溢价告警] 石油基金LOF(160416) 溢价率: 11.46% (阈值: 10.0%)
[2026-03-19 03:20:37] [折价告警] 科创板长城(506008) 折价率: 10.08% (阈值: 10.0%)
[2026-03-19 03:20:42] [溢价告警] 南方原油LOF(501018) 溢价率: 23.05% (阈值: 10.0%)
[2026-03-19 05:39:20] [溢价告警] 国投白银LOF(161226) 溢价率: 18.81% (阈值: 10.0%)
[2026-03-19 05:39:21] [溢价告警] 原油LOF易方达(161129) 溢价率: 23.42% (阈值: 10.0%)
[2026-03-19 05:39:23] [溢价告警] 嘉实原油LOF(160723) 溢价率: 24.29% (阈值: 10.0%)
[2026-03-19 05:39:24] [溢价告警] 石油基金LOF(160416) 溢价率: 13.53% (阈值: 10.0%)
[2026-03-19 05:39:25] [折价告警] 科创板长城(506008) 折价率: 10.86% (阈值: 10.0%)
[2026-03-19 05:39:30] [溢价告警] 南方原油LOF(501018) 溢价率: 24.54% (阈值: 10.0%)
[2026-03-20 03:10:30] [溢价告警] 国投白银LOF(161226) 溢价率: 27.52% (阈值: 10.0%)
[2026-03-20 03:10:33] [溢价告警] 原油LOF易方达(161129) 溢价率: 26.77% (阈值: 10.0%)
[2026-03-20 03:10:35] [溢价告警] 嘉实原油LOF(160723) 溢价率: 28.13% (阈值: 10.0%)
[2026-03-20 03:10:37] [溢价告警] 石油基金LOF(160416) 溢价率: 21.63% (阈值: 10.0%)
[2026-03-20 03:10:39] [溢价告警] 南方原油LOF(501018) 溢价率: 29.14% (阈值: 10.0%)
[2026-03-20 05:30:44] [溢价告警] 国投白银LOF(161226) 溢价率: 27.61% (阈值: 10.0%)
[2026-03-20 05:30:45] [溢价告警] 原油LOF易方达(161129) 溢价率: 30.83% (阈值: 10.0%)
[2026-03-20 05:30:46] [溢价告警] 嘉实原油LOF(160723) 溢价率: 32.92% (阈值: 10.0%)
[2026-03-20 05:30:46] [溢价告警] 石油基金LOF(160416) 溢价率: 24.91% (阈值: 10.0%)
[2026-03-20 05:30:49] [溢价告警] 南方原油LOF(501018) 溢价率: 34.04% (阈值: 10.0%)
[2026-03-21 02:47:41] [溢价告警] 国投白银LOF(161226) 溢价率: 36.88% (阈值: 10.0%)
[2026-03-21 02:47:44] [溢价告警] 原油LOF易方达(161129) 溢价率: 27.30% (阈值: 10.0%)
[2026-03-21 02:47:45] [溢价告警] 嘉实原油LOF(160723) 溢价率: 27.88% (阈值: 10.0%)
[2026-03-21 02:47:47] [溢价告警] 石油基金LOF(160416) 溢价率: 14.76% (阈值: 10.0%)
[2026-03-21 02:47:52] [溢价告警] 南方原油LOF(501018) 溢价率: 29.96% (阈值: 10.0%)
[2026-03-21 05:13:21] [溢价告警] 国投白银LOF(161226) 溢价率: 36.88% (阈值: 10.0%)
[2026-03-21 05:13:22] [溢价告警] 原油LOF易方达(161129) 溢价率: 27.30% (阈值: 10.0%)
[2026-03-21 05:13:24] [溢价告警] 嘉实原油LOF(160723) 溢价率: 27.88% (阈值: 10.0%)
[2026-03-21 05:13:26] [溢价告警] 石油基金LOF(160416) 溢价率: 14.76% (阈值: 10.0%)
[2026-03-21 05:13:29] [溢价告警] 南方原油LOF(501018) 溢价率: 29.96% (阈值: 10.0%)
[2026-03-22 03:21:14] [溢价告警] 国投白银LOF(161226) 溢价率: 36.88% (阈值: 10.0%)
[2026-03-22 03:21:17] [溢价告警] 原油LOF易方达(161129) 溢价率: 27.30% (阈值: 10.0%)
[2026-03-22 03:21:20] [溢价告警] 嘉实原油LOF(160723) 溢价率: 27.88% (阈值: 10.0%)
[2026-03-22 03:21:22] [溢价告警] 石油基金LOF(160416) 溢价率: 14.76% (阈值: 10.0%)
[2026-03-22 03:21:29] [溢价告警] 南方原油LOF(501018) 溢价率: 29.96% (阈值: 10.0%)
[2026-03-22 05:34:05] [溢价告警] 国投白银LOF(161226) 溢价率: 36.88% (阈值: 10.0%)
[2026-03-22 05:34:06] [溢价告警] 原油LOF易方达(161129) 溢价率: 27.30% (阈值: 10.0%)
[2026-03-22 05:34:07] [溢价告警] 嘉实原油LOF(160723) 溢价率: 27.88% (阈值: 10.0%)
[2026-03-22 05:34:12] [溢价告警] 石油基金LOF(160416) 溢价率: 14.76% (阈值: 10.0%)
[2026-03-22 05:34:18] [溢价告警] 南方原油LOF(501018) 溢价率: 29.96% (阈值: 10.0%)
[2026-03-23 03:24:08] [溢价告警] 国投白银LOF(161226) 溢价率: 23.22% (阈值: 10.0%)
[2026-03-23 03:24:11] [溢价告警] 原油LOF易方达(161129) 溢价率: 39.97% (阈值: 10.0%)
[2026-03-23 03:24:13] [溢价告警] 嘉实原油LOF(160723) 溢价率: 40.28% (阈值: 10.0%)
[2026-03-23 03:24:14] [溢价告警] 石油基金LOF(160416) 溢价率: 24.97% (阈值: 10.0%)
[2026-03-23 03:24:16] [折价告警] 科创板长城(506008) 折价率: 11.27% (阈值: 10.0%)
[2026-03-23 03:24:22] [溢价告警] 南方原油LOF(501018) 溢价率: 42.87% (阈值: 10.0%)
[2026-03-23 05:47:57] [溢价告警] 国投白银LOF(161226) 溢价率: 23.22% (阈值: 10.0%)
[2026-03-23 05:47:57] [溢价告警] 原油LOF易方达(161129) 溢价率: 40.02% (阈值: 10.0%)
[2026-03-23 05:47:58] [溢价告警] 嘉实原油LOF(160723) 溢价率: 40.66% (阈值: 10.0%)
[2026-03-23 05:47:59] [溢价告警] 石油基金LOF(160416) 溢价率: 25.20% (阈值: 10.0%)
[2026-03-23 05:48:01] [折价告警] 科创板长城(506008) 折价率: 13.09% (阈值: 10.0%)
[2026-03-23 05:48:01] [折价告警] 易方达科创板(506002) 折价率: 10.36% (阈值: 10.0%)
[2026-03-23 05:48:08] [折价告警] 嘉实瑞虹(501088) 折价率: 10.43% (阈值: 10.0%)
[2026-03-23 05:48:09] [折价告警] 经典成长(501065) 折价率: 10.63% (阈值: 10.0%)
[2026-03-23 05:48:11] [折价告警] 财通福鑫定开混合(501046) 折价率: 10.25% (阈值: 10.0%)
[2026-03-23 05:48:14] [溢价告警] 南方原油LOF(501018) 溢价率: 42.98% (阈值: 10.0%)
[2026-03-24 03:13:31] [溢价告警] 煤炭LOF(168204) 溢价率: 19.34% (阈值: 10.0%)
[2026-03-24 03:13:34] [溢价告警] 石油LOF(162719) 溢价率: 14.50% (阈值: 10.0%)
[2026-03-24 03:13:35] [溢价告警] 国投白银LOF(161226) 溢价率: 29.94% (阈值: 10.0%)
[2026-03-24 03:13:37] [溢价告警] 原油LOF易方达(161129) 溢价率: 49.99% (阈值: 10.0%)
[2026-03-24 03:13:38] [溢价告警] 嘉实原油LOF(160723) 溢价率: 48.81% (阈值: 10.0%)
[2026-03-24 03:13:41] [溢价告警] 石油基金LOF(160416) 溢价率: 33.68% (阈值: 10.0%)
[2026-03-24 03:13:46] [溢价告警] 南方原油LOF(501018) 溢价率: 41.73% (阈值: 10.0%)
[2026-03-24 05:38:49] [溢价告警] 煤炭LOF(168204) 溢价率: 19.38% (阈值: 10.0%)
[2026-03-24 05:38:50] [溢价告警] 石油LOF(162719) 溢价率: 17.43% (阈值: 10.0%)
[2026-03-24 05:38:50] [溢价告警] 国投白银LOF(161226) 溢价率: 27.87% (阈值: 10.0%)
[2026-03-24 05:38:51] [溢价告警] 原油LOF易方达(161129) 溢价率: 50.22% (阈值: 10.0%)
[2026-03-24 05:38:52] [溢价告警] 嘉实原油LOF(160723) 溢价率: 48.62% (阈值: 10.0%)
[2026-03-24 05:38:55] [溢价告警] 石油基金LOF(160416) 溢价率: 36.27% (阈值: 10.0%)
[2026-03-24 05:39:00] [溢价告警] 南方原油LOF(501018) 溢价率: 41.73% (阈值: 10.0%)
[2026-03-25 03:18:42] [溢价告警] 国投白银LOF(161226) 溢价率: 38.90% (阈值: 10.0%)
[2026-03-25 03:18:44] [溢价告警] 原油LOF易方达(161129) 溢价率: 49.91% (阈值: 10.0%)
[2026-03-25 03:18:47] [溢价告警] 嘉实原油LOF(160723) 溢价率: 46.59% (阈值: 10.0%)
[2026-03-25 03:18:48] [溢价告警] 石油基金LOF(160416) 溢价率: 21.85% (阈值: 10.0%)
[2026-03-25 03:18:52] [溢价告警] 南方原油LOF(501018) 溢价率: 42.02% (阈值: 10.0%)
[2026-03-25 05:39:25] [溢价告警] 国投白银LOF(161226) 溢价率: 38.84% (阈值: 10.0%)
[2026-03-25 05:39:26] [溢价告警] 原油LOF易方达(161129) 溢价率: 48.87% (阈值: 10.0%)
[2026-03-25 05:39:27] [溢价告警] 嘉实原油LOF(160723) 溢价率: 45.73% (阈值: 10.0%)
[2026-03-25 05:39:28] [溢价告警] 石油基金LOF(160416) 溢价率: 21.38% (阈值: 10.0%)
[2026-03-25 05:39:33] [溢价告警] 南方原油LOF(501018) 溢价率: 41.56% (阈值: 10.0%)
[2026-03-26 03:27:25] [溢价告警] 国投白银LOF(161226) 溢价率: 32.93% (阈值: 10.0%)
[2026-03-26 03:27:27] [溢价告警] 原油LOF易方达(161129) 溢价率: 45.71% (阈值: 10.0%)
[2026-03-26 03:27:29] [溢价告警] 嘉实原油LOF(160723) 溢价率: 41.94% (阈值: 10.0%)
[2026-03-26 03:27:31] [溢价告警] 石油基金LOF(160416) 溢价率: 17.94% (阈值: 10.0%)
[2026-03-26 03:27:38] [溢价告警] 南方原油LOF(501018) 溢价率: 40.83% (阈值: 10.0%)
[2026-03-26 05:50:30] [溢价告警] 国投白银LOF(161226) 溢价率: 29.36% (阈值: 10.0%)
[2026-03-26 05:50:31] [溢价告警] 原油LOF易方达(161129) 溢价率: 46.08% (阈值: 10.0%)
[2026-03-26 05:50:33] [溢价告警] 嘉实原油LOF(160723) 溢价率: 42.64% (阈值: 10.0%)
[2026-03-26 05:50:35] [溢价告警] 石油基金LOF(160416) 溢价率: 22.44% (阈值: 10.0%)
[2026-03-26 05:50:40] [溢价告警] 南方原油LOF(501018) 溢价率: 41.06% (阈值: 10.0%)
[2026-03-27 03:30:08] [溢价告警] 石油LOF(162719) 溢价率: 17.02% (阈值: 10.0%)
[2026-03-27 03:30:09] [溢价告警] 国投白银LOF(161226) 溢价率: 29.97% (阈值: 10.0%)
[2026-03-27 03:30:11] [溢价告警] 原油LOF易方达(161129) 溢价率: 42.28% (阈值: 10.0%)
[2026-03-27 03:30:13] [溢价告警] 嘉实原油LOF(160723) 溢价率: 38.47% (阈值: 10.0%)
[2026-03-27 03:30:14] [溢价告警] 石油基金LOF(160416) 溢价率: 29.41% (阈值: 10.0%)
[2026-03-27 03:30:18] [溢价告警] 南方原油LOF(501018) 溢价率: 40.59% (阈值: 10.0%)
[2026-03-27 05:51:20] [溢价告警] 石油LOF(162719) 溢价率: 15.24% (阈值: 10.0%)
[2026-03-27 05:51:22] [溢价告警] 国投白银LOF(161226) 溢价率: 34.57% (阈值: 10.0%)
[2026-03-27 05:51:24] [溢价告警] 原油LOF易方达(161129) 溢价率: 42.47% (阈值: 10.0%)
[2026-03-27 05:51:25] [溢价告警] 嘉实原油LOF(160723) 溢价率: 37.86% (阈值: 10.0%)
[2026-03-27 05:51:26] [溢价告警] 石油基金LOF(160416) 溢价率: 26.60% (阈值: 10.0%)
[2026-03-27 05:51:29] [溢价告警] 南方原油LOF(501018) 溢价率: 42.08% (阈值: 10.0%)
[2026-03-28 03:16:06] [溢价告警] 石油LOF(162719) 溢价率: 17.16% (阈值: 10.0%)
[2026-03-28 03:16:08] [溢价告警] 国投白银LOF(161226) 溢价率: 37.99% (阈值: 10.0%)
[2026-03-28 03:16:09] [溢价告警] 原油LOF易方达(161129) 溢价率: 35.18% (阈值: 10.0%)
[2026-03-28 03:16:10] [溢价告警] 嘉实原油LOF(160723) 溢价率: 31.21% (阈值: 10.0%)
[2026-03-28 03:16:11] [溢价告警] 石油基金LOF(160416) 溢价率: 26.45% (阈值: 10.0%)
[2026-03-28 03:16:13] [溢价告警] 南方原油LOF(501018) 溢价率: 35.45% (阈值: 10.0%)
[2026-03-28 05:39:17] [溢价告警] 石油LOF(162719) 溢价率: 17.16% (阈值: 10.0%)
[2026-03-28 05:39:18] [溢价告警] 国投白银LOF(161226) 溢价率: 37.99% (阈值: 10.0%)
[2026-03-28 05:39:18] [溢价告警] 原油LOF易方达(161129) 溢价率: 35.18% (阈值: 10.0%)
[2026-03-28 05:39:19] [溢价告警] 嘉实原油LOF(160723) 溢价率: 31.21% (阈值: 10.0%)
[2026-03-28 05:39:19] [溢价告警] 石油基金LOF(160416) 溢价率: 26.45% (阈值: 10.0%)
[2026-03-28 05:39:20] [溢价告警] 南方原油LOF(501018) 溢价率: 35.45% (阈值: 10.0%)
[2026-03-29 03:35:09] [溢价告警] 石油LOF(162719) 溢价率: 17.16% (阈值: 10.0%)
[2026-03-29 03:35:11] [溢价告警] 国投白银LOF(161226) 溢价率: 37.99% (阈值: 10.0%)
[2026-03-29 03:35:12] [溢价告警] 原油LOF易方达(161129) 溢价率: 35.18% (阈值: 10.0%)
[2026-03-29 03:35:14] [溢价告警] 嘉实原油LOF(160723) 溢价率: 31.21% (阈值: 10.0%)
[2026-03-29 03:35:15] [溢价告警] 石油基金LOF(160416) 溢价率: 26.45% (阈值: 10.0%)
[2026-03-29 03:35:17] [溢价告警] 南方原油LOF(501018) 溢价率: 35.45% (阈值: 10.0%)
[2026-03-29 05:52:26] [溢价告警] 石油LOF(162719) 溢价率: 17.16% (阈值: 10.0%)
[2026-03-29 05:52:26] [溢价告警] 国投白银LOF(161226) 溢价率: 37.99% (阈值: 10.0%)
[2026-03-29 05:52:27] [溢价告警] 原油LOF易方达(161129) 溢价率: 35.18% (阈值: 10.0%)
[2026-03-29 05:52:29] [溢价告警] 嘉实原油LOF(160723) 溢价率: 31.21% (阈值: 10.0%)
[2026-03-29 05:52:31] [溢价告警] 石油基金LOF(160416) 溢价率: 26.45% (阈值: 10.0%)
[2026-03-29 05:52:35] [溢价告警] 南方原油LOF(501018) 溢价率: 35.45% (阈值: 10.0%)
[2026-03-30 03:41:33] [溢价告警] 石油LOF(162719) 溢价率: 24.29% (阈值: 10.0%)
[2026-03-30 03:41:33] [溢价告警] 华宝油气LOF(162411) 溢价率: 10.15% (阈值: 10.0%)
[2026-03-30 03:41:34] [溢价告警] 国投白银LOF(161226) 溢价率: 40.15% (阈值: 10.0%)
[2026-03-30 03:41:35] [溢价告警] 原油LOF易方达(161129) 溢价率: 38.58% (阈值: 10.0%)
[2026-03-30 03:41:37] [溢价告警] 嘉实原油LOF(160723) 溢价率: 33.68% (阈值: 10.0%)
[2026-03-30 03:41:38] [溢价告警] 石油基金LOF(160416) 溢价率: 31.79% (阈值: 10.0%)
[2026-03-30 03:41:39] [折价告警] 科创板长城(506008) 折价率: 10.32% (阈值: 10.0%)
[2026-03-30 03:41:41] [溢价告警] 南方原油LOF(501018) 溢价率: 38.65% (阈值: 10.0%)
[2026-03-30 06:07:22] [溢价告警] 石油LOF(162719) 溢价率: 25.50% (阈值: 10.0%)
[2026-03-30 06:07:22] [溢价告警] 华宝油气LOF(162411) 溢价率: 12.77% (阈值: 10.0%)
[2026-03-30 06:07:23] [溢价告警] 国投白银LOF(161226) 溢价率: 39.94% (阈值: 10.0%)
[2026-03-30 06:07:23] [溢价告警] 原油LOF易方达(161129) 溢价率: 37.39% (阈值: 10.0%)
[2026-03-30 06:07:23] [溢价告警] 嘉实原油LOF(160723) 溢价率: 32.84% (阈值: 10.0%)
[2026-03-30 06:07:24] [溢价告警] 石油基金LOF(160416) 溢价率: 32.28% (阈值: 10.0%)
[2026-03-30 06:07:25] [溢价告警] 南方原油LOF(501018) 溢价率: 38.02% (阈值: 10.0%)
[2026-03-31 03:29:46] [溢价告警] 石油LOF(162719) 溢价率: 29.49% (阈值: 10.0%)
[2026-03-31 03:29:47] [溢价告警] 华宝油气LOF(162411) 溢价率: 14.26% (阈值: 10.0%)
[2026-03-31 03:29:48] [溢价告警] 抗通胀LOF(161815) 溢价率: 13.08% (阈值: 10.0%)
[2026-03-31 03:29:49] [溢价告警] 国投白银LOF(161226) 溢价率: 38.11% (阈值: 10.0%)
[2026-03-31 03:29:50] [溢价告警] 原油LOF易方达(161129) 溢价率: 29.99% (阈值: 10.0%)
[2026-03-31 03:29:51] [溢价告警] 嘉实原油LOF(160723) 溢价率: 25.86% (阈值: 10.0%)
[2026-03-31 03:29:52] [溢价告警] 石油基金LOF(160416) 溢价率: 30.81% (阈值: 10.0%)
[2026-03-31 03:29:53] [溢价告警] 南方原油LOF(501018) 溢价率: 30.25% (阈值: 10.0%)
[2026-03-31 05:56:48] [溢价告警] 石油LOF(162719) 溢价率: 36.36% (阈值: 10.0%)
[2026-03-31 05:56:49] [溢价告警] 华宝油气LOF(162411) 溢价率: 18.13% (阈值: 10.0%)
[2026-03-31 05:56:49] [溢价告警] 抗通胀LOF(161815) 溢价率: 10.43% (阈值: 10.0%)
[2026-03-31 05:56:49] [溢价告警] 国投白银LOF(161226) 溢价率: 38.72% (阈值: 10.0%)
[2026-03-31 05:56:50] [溢价告警] 原油LOF易方达(161129) 溢价率: 30.87% (阈值: 10.0%)
[2026-03-31 05:56:51] [溢价告警] 嘉实原油LOF(160723) 溢价率: 26.69% (阈值: 10.0%)
[2026-03-31 05:56:53] [溢价告警] 石油基金LOF(160416) 溢价率: 32.98% (阈值: 10.0%)
[2026-03-31 05:56:53] [折价告警] 科创板长城(506008) 折价率: 10.49% (阈值: 10.0%)
[2026-03-31 05:56:56] [溢价告警] 南方原油LOF(501018) 溢价率: 30.47% (阈值: 10.0%)
[2026-04-01 03:45:26] [溢价告警] 石油LOF(162719) 溢价率: 27.96% (阈值: 10.0%)
[2026-04-01 03:45:27] [溢价告警] 抗通胀LOF(161815) 溢价率: 14.60% (阈值: 10.0%)
[2026-04-01 03:45:28] [溢价告警] 国投白银LOF(161226) 溢价率: 35.71% (阈值: 10.0%)
[2026-04-01 03:45:29] [溢价告警] 原油LOF易方达(161129) 溢价率: 18.54% (阈值: 10.0%)
[2026-04-01 03:45:30] [溢价告警] 嘉实原油LOF(160723) 溢价率: 17.11% (阈值: 10.0%)
[2026-04-01 03:45:31] [溢价告警] 高铁LOF(160639) 溢价率: 12.02% (阈值: 10.0%)
[2026-04-01 03:45:32] [溢价告警] 石油基金LOF(160416) 溢价率: 18.13% (阈值: 10.0%)
[2026-04-01 03:45:33] [溢价告警] 高铁基金LOF(160135) 溢价率: 13.29% (阈值: 10.0%)
[2026-04-01 03:45:34] [溢价告警] 全球芯片LOF(501225) 溢价率: 12.19% (阈值: 10.0%)
[2026-04-01 03:45:36] [溢价告警] 南方原油LOF(501018) 溢价率: 19.62% (阈值: 10.0%)
[2026-04-01 06:04:32] [溢价告警] 石油LOF(162719) 溢价率: 15.36% (阈值: 10.0%)
[2026-04-01 06:04:33] [溢价告警] 抗通胀LOF(161815) 溢价率: 16.21% (阈值: 10.0%)
[2026-04-01 06:04:33] [溢价告警] 国投白银LOF(161226) 溢价率: 38.21% (阈值: 10.0%)
[2026-04-01 06:04:33] [溢价告警] 原油LOF易方达(161129) 溢价率: 12.48% (阈值: 10.0%)
[2026-04-01 06:04:34] [溢价告警] 嘉实原油LOF(160723) 溢价率: 10.52% (阈值: 10.0%)
[2026-04-01 06:04:34] [溢价告警] 石油基金LOF(160416) 溢价率: 10.09% (阈值: 10.0%)
[2026-04-01 06:04:34] [溢价告警] 高铁基金LOF(160135) 溢价率: 13.10% (阈值: 10.0%)
[2026-04-01 06:04:35] [溢价告警] 全球芯片LOF(501225) 溢价率: 12.34% (阈值: 10.0%)
[2026-04-01 06:04:36] [溢价告警] 南方原油LOF(501018) 溢价率: 13.60% (阈值: 10.0%)
[2026-04-02 03:26:08] [溢价告警] 石油LOF(162719) 溢价率: 21.30% (阈值: 10.0%)
[2026-04-02 03:26:10] [溢价告警] 抗通胀LOF(161815) 溢价率: 25.15% (阈值: 10.0%)
[2026-04-02 03:26:11] [溢价告警] 国投白银LOF(161226) 溢价率: 33.59% (阈值: 10.0%)
[2026-04-02 03:26:12] [溢价告警] 原油LOF易方达(161129) 溢价率: 21.24% (阈值: 10.0%)
[2026-04-02 03:26:13] [溢价告警] 嘉实原油LOF(160723) 溢价率: 19.88% (阈值: 10.0%)
[2026-04-02 03:26:14] [溢价告警] 石油基金LOF(160416) 溢价率: 15.81% (阈值: 10.0%)
[2026-04-02 03:26:16] [溢价告警] 南方原油LOF(501018) 溢价率: 22.30% (阈值: 10.0%)
[2026-04-02 05:50:40] [溢价告警] 石油LOF(162719) 溢价率: 25.27% (阈值: 10.0%)
[2026-04-02 05:50:40] [溢价告警] 抗通胀LOF(161815) 溢价率: 24.14% (阈值: 10.0%)
[2026-04-02 05:50:40] [溢价告警] 国投白银LOF(161226) 溢价率: 29.42% (阈值: 10.0%)
[2026-04-02 05:50:41] [溢价告警] 原油LOF易方达(161129) 溢价率: 24.92% (阈值: 10.0%)
[2026-04-02 05:50:41] [溢价告警] 嘉实原油LOF(160723) 溢价率: 22.68% (阈值: 10.0%)
[2026-04-02 05:50:41] [溢价告警] 石油基金LOF(160416) 溢价率: 20.10% (阈值: 10.0%)
[2026-04-02 05:50:42] [折价告警] 科创板长城(506008) 折价率: 12.36% (阈值: 10.0%)
[2026-04-02 05:50:44] [溢价告警] 南方原油LOF(501018) 溢价率: 25.43% (阈值: 10.0%)
[2026-04-03 03:27:44] [溢价告警] 全球油气能源LOF(163208) 溢价率: 11.00% (阈值: 10.0%)
[2026-04-03 03:27:45] [溢价告警] 石油LOF(162719) 溢价率: 32.14% (阈值: 10.0%)
[2026-04-03 03:27:46] [溢价告警] 抗通胀LOF(161815) 溢价率: 10.51% (阈值: 10.0%)
[2026-04-03 03:27:47] [溢价告警] 国投白银LOF(161226) 溢价率: 32.58% (阈值: 10.0%)
[2026-04-03 03:27:48] [溢价告警] 原油LOF易方达(161129) 溢价率: 37.68% (阈值: 10.0%)
[2026-04-03 03:27:49] [溢价告警] 嘉实原油LOF(160723) 溢价率: 35.60% (阈值: 10.0%)
[2026-04-03 03:27:51] [溢价告警] 石油基金LOF(160416) 溢价率: 28.73% (阈值: 10.0%)
[2026-04-03 03:27:52] [溢价告警] 南方原油LOF(501018) 溢价率: 38.93% (阈值: 10.0%)
[2026-04-03 05:50:48] [溢价告警] 石油LOF(162719) 溢价率: 26.97% (阈值: 10.0%)
[2026-04-03 05:50:49] [溢价告警] 国投白银LOF(161226) 溢价率: 32.86% (阈值: 10.0%)
[2026-04-03 05:50:49] [溢价告警] 原油LOF易方达(161129) 溢价率: 34.56% (阈值: 10.0%)
[2026-04-03 05:50:50] [溢价告警] 嘉实原油LOF(160723) 溢价率: 32.21% (阈值: 10.0%)
[2026-04-03 05:50:50] [溢价告警] 石油基金LOF(160416) 溢价率: 23.19% (阈值: 10.0%)
[2026-04-03 05:50:51] [溢价告警] 南方原油LOF(501018) 溢价率: 36.56% (阈值: 10.0%)
[2026-04-04 03:16:05] [溢价告警] 石油LOF(162719) 溢价率: 23.46% (阈值: 10.0%)
[2026-04-04 03:16:07] [溢价告警] 国投白银LOF(161226) 溢价率: 36.64% (阈值: 10.0%)
[2026-04-04 03:16:08] [溢价告警] 原油LOF易方达(161129) 溢价率: 29.40% (阈值: 10.0%)
[2026-04-04 03:16:09] [溢价告警] 嘉实原油LOF(160723) 溢价率: 27.85% (阈值: 10.0%)
[2026-04-04 03:16:10] [溢价告警] 石油基金LOF(160416) 溢价率: 24.64% (阈值: 10.0%)
[2026-04-04 03:16:12] [溢价告警] 南方原油LOF(501018) 溢价率: 30.99% (阈值: 10.0%)
[2026-04-04 05:36:14] [溢价告警] 石油LOF(162719) 溢价率: 23.46% (阈值: 10.0%)
[2026-04-04 05:36:14] [溢价告警] 国投白银LOF(161226) 溢价率: 36.64% (阈值: 10.0%)
[2026-04-04 05:36:15] [溢价告警] 原油LOF易方达(161129) 溢价率: 29.40% (阈值: 10.0%)
[2026-04-04 05:36:15] [溢价告警] 嘉实原油LOF(160723) 溢价率: 27.85% (阈值: 10.0%)
[2026-04-04 05:36:16] [溢价告警] 石油基金LOF(160416) 溢价率: 24.64% (阈值: 10.0%)
[2026-04-04 05:36:17] [溢价告警] 南方原油LOF(501018) 溢价率: 30.99% (阈值: 10.0%)
[2026-04-05 03:37:03] [溢价告警] 石油LOF(162719) 溢价率: 23.46% (阈值: 10.0%)
[2026-04-05 03:37:05] [溢价告警] 国投白银LOF(161226) 溢价率: 36.64% (阈值: 10.0%)
[2026-04-05 03:37:05] [溢价告警] 原油LOF易方达(161129) 溢价率: 29.40% (阈值: 10.0%)
[2026-04-05 03:37:06] [溢价告警] 嘉实原油LOF(160723) 溢价率: 27.85% (阈值: 10.0%)
[2026-04-05 03:37:07] [溢价告警] 石油基金LOF(160416) 溢价率: 24.64% (阈值: 10.0%)
[2026-04-05 03:37:09] [溢价告警] 南方原油LOF(501018) 溢价率: 30.99% (阈值: 10.0%)
[2026-04-05 05:54:08] [溢价告警] 石油LOF(162719) 溢价率: 23.46% (阈值: 10.0%)
[2026-04-05 05:54:08] [溢价告警] 国投白银LOF(161226) 溢价率: 36.64% (阈值: 10.0%)
[2026-04-05 05:54:08] [溢价告警] 原油LOF易方达(161129) 溢价率: 29.40% (阈值: 10.0%)
[2026-04-05 05:54:09] [溢价告警] 嘉实原油LOF(160723) 溢价率: 27.85% (阈值: 10.0%)
[2026-04-05 05:54:09] [溢价告警] 石油基金LOF(160416) 溢价率: 24.64% (阈值: 10.0%)
[2026-04-05 05:54:10] [溢价告警] 南方原油LOF(501018) 溢价率: 30.99% (阈值: 10.0%)
[2026-04-06 06:06:28] [溢价告警] 石油LOF(162719) 溢价率: 23.46% (阈值: 10.0%)
[2026-04-06 06:06:29] [溢价告警] 国投白银LOF(161226) 溢价率: 36.64% (阈值: 10.0%)
[2026-04-06 06:06:31] [溢价告警] 原油LOF易方达(161129) 溢价率: 29.40% (阈值: 10.0%)
[2026-04-06 06:06:32] [溢价告警] 嘉实原油LOF(160723) 溢价率: 27.85% (阈值: 10.0%)
[2026-04-06 06:06:33] [溢价告警] 石油基金LOF(160416) 溢价率: 24.64% (阈值: 10.0%)
[2026-04-06 06:06:37] [溢价告警] 南方原油LOF(501018) 溢价率: 30.99% (阈值: 10.0%)
[2026-04-07 03:30:04] [溢价告警] 石油LOF(162719) 溢价率: 25.43% (阈值: 10.0%)
[2026-04-07 03:30:04] [溢价告警] 国投白银LOF(161226) 溢价率: 36.49% (阈值: 10.0%)
[2026-04-07 03:30:04] [溢价告警] 原油LOF易方达(161129) 溢价率: 35.13% (阈值: 10.0%)
[2026-04-07 03:30:05] [溢价告警] 嘉实原油LOF(160723) 溢价率: 32.32% (阈值: 10.0%)
[2026-04-07 03:30:05] [溢价告警] 石油基金LOF(160416) 溢价率: 27.61% (阈值: 10.0%)
[2026-04-07 03:30:06] [溢价告警] 南方原油LOF(501018) 溢价率: 36.62% (阈值: 10.0%)
[2026-04-07 05:54:55] [溢价告警] 石油LOF(162719) 溢价率: 24.41% (阈值: 10.0%)
[2026-04-07 05:54:55] [溢价告警] 国投白银LOF(161226) 溢价率: 36.34% (阈值: 10.0%)
[2026-04-07 05:54:56] [溢价告警] 原油LOF易方达(161129) 溢价率: 37.18% (阈值: 10.0%)
[2026-04-07 05:54:57] [溢价告警] 嘉实原油LOF(160723) 溢价率: 32.71% (阈值: 10.0%)
[2026-04-07 05:54:58] [溢价告警] 石油基金LOF(160416) 溢价率: 27.20% (阈值: 10.0%)
[2026-04-07 05:55:01] [溢价告警] 南方原油LOF(501018) 溢价率: 37.06% (阈值: 10.0%)
[2026-04-08 03:31:48] [溢价告警] 石油LOF(162719) 溢价率: 10.33% (阈值: 10.0%)
[2026-04-08 03:31:49] [溢价告警] 国投白银LOF(161226) 溢价率: 44.47% (阈值: 10.0%)
[2026-04-08 03:31:49] [溢价告警] 原油LOF易方达(161129) 溢价率: 27.05% (阈值: 10.0%)
[2026-04-08 03:31:50] [溢价告警] 嘉实原油LOF(160723) 溢价率: 22.27% (阈值: 10.0%)
[2026-04-08 03:31:50] [溢价告警] 石油基金LOF(160416) 溢价率: 14.23% (阈值: 10.0%)
[2026-04-08 03:31:50] [溢价告警] 全球芯片LOF(501225) 溢价率: 12.09% (阈值: 10.0%)
[2026-04-08 03:31:51] [溢价告警] 南方原油LOF(501018) 溢价率: 27.44% (阈值: 10.0%)
[2026-04-08 05:55:44] [溢价告警] 石油LOF(162719) 溢价率: 10.33% (阈值: 10.0%)
[2026-04-08 05:55:47] [溢价告警] 国投白银LOF(161226) 溢价率: 47.77% (阈值: 10.0%)
[2026-04-08 05:55:48] [溢价告警] 原油LOF易方达(161129) 溢价率: 27.05% (阈值: 10.0%)
[2026-04-08 05:55:50] [溢价告警] 嘉实原油LOF(160723) 溢价率: 22.27% (阈值: 10.0%)
[2026-04-08 05:55:51] [溢价告警] 石油基金LOF(160416) 溢价率: 14.23% (阈值: 10.0%)
[2026-04-08 05:55:53] [溢价告警] 全球芯片LOF(501225) 溢价率: 12.80% (阈值: 10.0%)
[2026-04-08 05:55:58] [溢价告警] 南方原油LOF(501018) 溢价率: 27.44% (阈值: 10.0%)
[2026-04-09 03:27:28] [溢价告警] 石油LOF(162719) 溢价率: 11.54% (阈值: 10.0%)
[2026-04-09 03:27:29] [溢价告警] 国投白银LOF(161226) 溢价率: 40.04% (阈值: 10.0%)
[2026-04-09 03:27:30] [溢价告警] 原油LOF易方达(161129) 溢价率: 33.14% (阈值: 10.0%)
[2026-04-09 03:27:31] [溢价告警] 嘉实原油LOF(160723) 溢价率: 23.32% (阈值: 10.0%)
[2026-04-09 03:27:32] [溢价告警] 石油基金LOF(160416) 溢价率: 17.04% (阈值: 10.0%)
[2026-04-09 03:27:32] [折价告警] 科创板长城(506008) 折价率: 10.12% (阈值: 10.0%)
[2026-04-09 03:27:33] [溢价告警] 全球芯片LOF(501225) 溢价率: 13.27% (阈值: 10.0%)
[2026-04-09 03:27:37] [溢价告警] 南方原油LOF(501018) 溢价率: 30.88% (阈值: 10.0%)
[2026-04-09 05:57:24] [溢价告警] 石油LOF(162719) 溢价率: 11.50% (阈值: 10.0%)
[2026-04-09 05:57:26] [溢价告警] 国投白银LOF(161226) 溢价率: 39.94% (阈值: 10.0%)
[2026-04-09 05:57:28] [溢价告警] 原油LOF易方达(161129) 溢价率: 33.54% (阈值: 10.0%)
[2026-04-09 05:57:28] [溢价告警] 嘉实原油LOF(160723) 溢价率: 25.08% (阈值: 10.0%)
[2026-04-09 05:57:30] [溢价告警] 石油基金LOF(160416) 溢价率: 16.72% (阈值: 10.0%)
[2026-04-09 05:57:31] [折价告警] 科创板长城(506008) 折价率: 10.31% (阈值: 10.0%)
[2026-04-09 05:57:32] [溢价告警] 全球芯片LOF(501225) 溢价率: 12.80% (阈值: 10.0%)
[2026-04-09 05:57:35] [溢价告警] 南方原油LOF(501018) 溢价率: 32.28% (阈值: 10.0%)
[2026-04-10 03:39:53] [溢价告警] 国投白银LOF(161226) 溢价率: 37.23% (阈值: 10.0%)
[2026-04-10 03:39:54] [溢价告警] 原油LOF易方达(161129) 溢价率: 39.08% (阈值: 10.0%)
[2026-04-10 03:39:56] [溢价告警] 嘉实原油LOF(160723) 溢价率: 26.14% (阈值: 10.0%)
[2026-04-10 03:39:57] [溢价告警] 石油基金LOF(160416) 溢价率: 15.71% (阈值: 10.0%)
[2026-04-10 03:39:58] [溢价告警] 全球芯片LOF(501225) 溢价率: 10.99% (阈值: 10.0%)
[2026-04-10 03:40:02] [溢价告警] 南方原油LOF(501018) 溢价率: 36.06% (阈值: 10.0%)
[2026-04-10 06:06:37] [溢价告警] 国投白银LOF(161226) 溢价率: 37.33% (阈值: 10.0%)
[2026-04-10 06:06:38] [溢价告警] 原油LOF易方达(161129) 溢价率: 39.46% (阈值: 10.0%)
[2026-04-10 06:06:39] [溢价告警] 嘉实原油LOF(160723) 溢价率: 25.68% (阈值: 10.0%)
[2026-04-10 06:06:39] [溢价告警] 石油基金LOF(160416) 溢价率: 14.63% (阈值: 10.0%)
[2026-04-10 06:06:40] [溢价告警] 全球芯片LOF(501225) 溢价率: 11.17% (阈值: 10.0%)
[2026-04-10 06:06:43] [溢价告警] 南方原油LOF(501018) 溢价率: 34.87% (阈值: 10.0%)
[2026-04-11 03:18:54] [溢价告警] 国投白银LOF(161226) 溢价率: 36.34% (阈值: 10.0%)
[2026-04-11 03:18:55] [溢价告警] 原油LOF易方达(161129) 溢价率: 35.70% (阈值: 10.0%)
[2026-04-11 03:18:56] [溢价告警] 嘉实原油LOF(160723) 溢价率: 22.04% (阈值: 10.0%)
[2026-04-11 03:19:01] [溢价告警] 石油基金LOF(160416) 溢价率: 16.10% (阈值: 10.0%)
[2026-04-11 03:19:06] [溢价告警] 南方原油LOF(501018) 溢价率: 30.12% (阈值: 10.0%)
[2026-04-11 05:38:43] [溢价告警] 国投白银LOF(161226) 溢价率: 36.34% (阈值: 10.0%)
[2026-04-11 05:38:45] [溢价告警] 原油LOF易方达(161129) 溢价率: 35.70% (阈值: 10.0%)
[2026-04-11 05:38:46] [溢价告警] 嘉实原油LOF(160723) 溢价率: 22.04% (阈值: 10.0%)
[2026-04-11 05:38:47] [溢价告警] 石油基金LOF(160416) 溢价率: 16.10% (阈值: 10.0%)
[2026-04-11 05:38:52] [溢价告警] 南方原油LOF(501018) 溢价率: 30.12% (阈值: 10.0%)
[2026-04-12 03:45:38] [溢价告警] 国投白银LOF(161226) 溢价率: 36.34% (阈值: 10.0%)
[2026-04-12 03:45:39] [溢价告警] 原油LOF易方达(161129) 溢价率: 35.70% (阈值: 10.0%)
[2026-04-12 03:45:41] [溢价告警] 嘉实原油LOF(160723) 溢价率: 22.04% (阈值: 10.0%)
[2026-04-12 03:45:42] [溢价告警] 石油基金LOF(160416) 溢价率: 16.10% (阈值: 10.0%)
[2026-04-12 03:45:47] [溢价告警] 南方原油LOF(501018) 溢价率: 30.12% (阈值: 10.0%)
[2026-04-12 06:02:14] [溢价告警] 国投白银LOF(161226) 溢价率: 36.34% (阈值: 10.0%)
[2026-04-12 06:02:25] [溢价告警] 原油LOF易方达(161129) 溢价率: 35.70% (阈值: 10.0%)
[2026-04-12 06:02:26] [溢价告警] 嘉实原油LOF(160723) 溢价率: 22.04% (阈值: 10.0%)
[2026-04-12 06:02:28] [溢价告警] 石油基金LOF(160416) 溢价率: 16.10% (阈值: 10.0%)
[2026-04-12 06:02:34] [溢价告警] 南方原油LOF(501018) 溢价率: 30.12% (阈值: 10.0%)
[2026-04-13 03:51:48] [溢价告警] 石油LOF(162719) 溢价率: 15.20% (阈值: 10.0%)
[2026-04-13 03:51:48] [溢价告警] 国投白银LOF(161226) 溢价率: 33.68% (阈值: 10.0%)
[2026-04-13 03:51:48] [溢价告警] 原油LOF易方达(161129) 溢价率: 43.87% (阈值: 10.0%)
[2026-04-13 03:51:49] [溢价告警] 嘉实原油LOF(160723) 溢价率: 29.62% (阈值: 10.0%)
[2026-04-13 03:51:49] [溢价告警] 石油基金LOF(160416) 溢价率: 22.83% (阈值: 10.0%)
[2026-04-13 03:51:49] [溢价告警] 全球芯片LOF(501225) 溢价率: 10.62% (阈值: 10.0%)
[2026-04-13 03:51:53] [溢价告警] 南方原油LOF(501018) 溢价率: 38.31% (阈值: 10.0%)
[2026-04-13 06:25:57] [溢价告警] 石油LOF(162719) 溢价率: 13.71% (阈值: 10.0%)
[2026-04-13 06:25:57] [溢价告警] 国投白银LOF(161226) 溢价率: 34.15% (阈值: 10.0%)
[2026-04-13 06:25:58] [溢价告警] 原油LOF易方达(161129) 溢价率: 41.65% (阈值: 10.0%)
[2026-04-13 06:25:59] [溢价告警] 嘉实原油LOF(160723) 溢价率: 29.67% (阈值: 10.0%)
[2026-04-13 06:26:00] [溢价告警] 石油基金LOF(160416) 溢价率: 21.60% (阈值: 10.0%)
[2026-04-13 06:26:01] [溢价告警] 全球芯片LOF(501225) 溢价率: 10.49% (阈值: 10.0%)
[2026-04-13 06:26:05] [溢价告警] 南方原油LOF(501018) 溢价率: 37.15% (阈值: 10.0%)
[2026-04-14 03:39:51] [溢价告警] 国投白银LOF(161226) 溢价率: 34.90% (阈值: 10.0%)
[2026-04-14 03:39:53] [溢价告警] 原油LOF易方达(161129) 溢价率: 35.02% (阈值: 10.0%)
[2026-04-14 03:39:53] [溢价告警] 嘉实原油LOF(160723) 溢价率: 28.79% (阈值: 10.0%)
[2026-04-14 03:39:54] [溢价告警] 石油基金LOF(160416) 溢价率: 17.97% (阈值: 10.0%)
[2026-04-14 03:39:55] [溢价告警] 全球芯片LOF(501225) 溢价率: 15.21% (阈值: 10.0%)
[2026-04-14 03:39:59] [溢价告警] 科创国寿LOF(501097) 溢价率: 12.90% (阈值: 10.0%)
[2026-04-14 03:40:01] [溢价告警] 南方原油LOF(501018) 溢价率: 33.92% (阈值: 10.0%)
[2026-04-14 06:08:33] [溢价告警] 国投白银LOF(161226) 溢价率: 35.09% (阈值: 10.0%)
[2026-04-14 06:08:33] [溢价告警] 原油LOF易方达(161129) 溢价率: 34.96% (阈值: 10.0%)
[2026-04-14 06:08:34] [溢价告警] 嘉实原油LOF(160723) 溢价率: 29.35% (阈值: 10.0%)
[2026-04-14 06:08:34] [溢价告警] 石油基金LOF(160416) 溢价率: 17.17% (阈值: 10.0%)
[2026-04-14 06:08:34] [溢价告警] 全球芯片LOF(501225) 溢价率: 15.26% (阈值: 10.0%)
[2026-04-14 06:08:38] [溢价告警] 科创国寿LOF(501097) 溢价率: 12.90% (阈值: 10.0%)
[2026-04-14 06:08:39] [溢价告警] 南方原油LOF(501018) 溢价率: 33.57% (阈值: 10.0%)
[2026-04-15 03:38:33] [溢价告警] 国投白银LOF(161226) 溢价率: 38.29% (阈值: 10.0%)
[2026-04-15 03:38:34] [溢价告警] 原油LOF易方达(161129) 溢价率: 27.84% (阈值: 10.0%)
[2026-04-15 03:38:35] [溢价告警] 嘉实原油LOF(160723) 溢价率: 23.66% (阈值: 10.0%)
[2026-04-15 03:38:36] [溢价告警] 石油基金LOF(160416) 溢价率: 13.81% (阈值: 10.0%)
[2026-04-15 03:38:38] [溢价告警] 全球芯片LOF(501225) 溢价率: 15.86% (阈值: 10.0%)
[2026-04-15 03:38:41] [溢价告警] 科创国寿LOF(501097) 溢价率: 18.42% (阈值: 10.0%)
[2026-04-15 03:38:42] [溢价告警] 南方原油LOF(501018) 溢价率: 28.38% (阈值: 10.0%)
[2026-04-15 06:08:11] [溢价告警] 国投白银LOF(161226) 溢价率: 37.01% (阈值: 10.0%)
[2026-04-15 06:08:13] [溢价告警] 原油LOF易方达(161129) 溢价率: 26.53% (阈值: 10.0%)
[2026-04-15 06:08:14] [溢价告警] 嘉实原油LOF(160723) 溢价率: 22.08% (阈值: 10.0%)
[2026-04-15 06:08:16] [溢价告警] 石油基金LOF(160416) 溢价率: 12.82% (阈值: 10.0%)
[2026-04-15 06:08:16] [溢价告警] 全球芯片LOF(501225) 溢价率: 15.82% (阈值: 10.0%)
[2026-04-15 06:08:19] [溢价告警] 科创国寿LOF(501097) 溢价率: 23.23% (阈值: 10.0%)
[2026-04-15 06:08:21] [溢价告警] 南方原油LOF(501018) 溢价率: 27.76% (阈值: 10.0%)
[2026-04-16 03:46:05] [溢价告警] 国投白银LOF(161226) 溢价率: 30.33% (阈值: 10.0%)
[2026-04-16 03:46:05] [溢价告警] 原油LOF易方达(161129) 溢价率: 27.91% (阈值: 10.0%)
[2026-04-16 03:46:05] [溢价告警] 嘉实原油LOF(160723) 溢价率: 24.50% (阈值: 10.0%)
[2026-04-16 03:46:06] [溢价告警] 石油基金LOF(160416) 溢价率: 14.09% (阈值: 10.0%)
[2026-04-16 03:46:06] [溢价告警] 全球芯片LOF(501225) 溢价率: 13.19% (阈值: 10.0%)
[2026-04-16 03:46:10] [溢价告警] 科创国寿LOF(501097) 溢价率: 12.00% (阈值: 10.0%)
[2026-04-16 03:46:11] [溢价告警] 南方原油LOF(501018) 溢价率: 31.16% (阈值: 10.0%)
[2026-04-16 06:12:47] [溢价告警] 国投白银LOF(161226) 溢价率: 30.60% (阈值: 10.0%)
[2026-04-16 06:12:48] [溢价告警] 原油LOF易方达(161129) 溢价率: 24.72% (阈值: 10.0%)
[2026-04-16 06:12:50] [溢价告警] 嘉实原油LOF(160723) 溢价率: 21.95% (阈值: 10.0%)
[2026-04-16 06:12:51] [溢价告警] 石油基金LOF(160416) 溢价率: 13.47% (阈值: 10.0%)
[2026-04-16 06:12:52] [溢价告警] 全球芯片LOF(501225) 溢价率: 13.43% (阈值: 10.0%)
[2026-04-16 06:12:55] [溢价告警] 科创国寿LOF(501097) 溢价率: 12.00% (阈值: 10.0%)
[2026-04-16 06:12:57] [溢价告警] 南方原油LOF(501018) 溢价率: 29.64% (阈值: 10.0%)
[2026-04-17 03:44:21] [溢价告警] 国投白银LOF(161226) 溢价率: 28.15% (阈值: 10.0%)
[2026-04-17 03:44:21] [溢价告警] 原油LOF易方达(161129) 溢价率: 24.31% (阈值: 10.0%)
[2026-04-17 03:44:22] [溢价告警] 嘉实原油LOF(160723) 溢价率: 20.34% (阈值: 10.0%)
[2026-04-17 03:44:22] [溢价告警] 石油基金LOF(160416) 溢价率: 14.22% (阈值: 10.0%)
[2026-04-17 03:44:24] [溢价告警] 全球芯片LOF(501225) 溢价率: 14.62% (阈值: 10.0%)
[2026-04-17 03:44:26] [溢价告警] 南方原油LOF(501018) 溢价率: 30.75% (阈值: 10.0%)
[2026-04-17 06:14:35] [溢价告警] 国投白银LOF(161226) 溢价率: 27.89% (阈值: 10.0%)
[2026-04-17 06:14:35] [溢价告警] 原油LOF易方达(161129) 溢价率: 21.36% (阈值: 10.0%)
[2026-04-17 06:14:36] [溢价告警] 嘉实原油LOF(160723) 溢价率: 17.74% (阈值: 10.0%)
[2026-04-17 06:14:36] [溢价告警] 石油基金LOF(160416) 溢价率: 12.87% (阈值: 10.0%)
[2026-04-17 06:14:36] [溢价告警] 全球芯片LOF(501225) 溢价率: 15.03% (阈值: 10.0%)
[2026-04-17 06:14:37] [溢价告警] 南方原油LOF(501018) 溢价率: 28.35% (阈值: 10.0%)
[2026-04-18 03:29:40] [溢价告警] 国投白银LOF(161226) 溢价率: 29.51% (阈值: 10.0%)
[2026-04-18 03:29:41] [溢价告警] 原油LOF易方达(161129) 溢价率: 20.99% (阈值: 10.0%)
[2026-04-18 03:29:42] [溢价告警] 嘉实原油LOF(160723) 溢价率: 17.76% (阈值: 10.0%)
[2026-04-18 03:29:43] [溢价告警] 石油基金LOF(160416) 溢价率: 11.67% (阈值: 10.0%)
[2026-04-18 03:29:44] [溢价告警] 全球芯片LOF(501225) 溢价率: 13.56% (阈值: 10.0%)
[2026-04-18 03:29:49] [溢价告警] 南方原油LOF(501018) 溢价率: 26.12% (阈值: 10.0%)
[2026-04-18 05:49:19] [溢价告警] 国投白银LOF(161226) 溢价率: 29.51% (阈值: 10.0%)
[2026-04-18 05:49:21] [溢价告警] 原油LOF易方达(161129) 溢价率: 20.99% (阈值: 10.0%)
[2026-04-18 05:49:23] [溢价告警] 嘉实原油LOF(160723) 溢价率: 17.76% (阈值: 10.0%)
[2026-04-18 05:49:25] [溢价告警] 石油基金LOF(160416) 溢价率: 11.67% (阈值: 10.0%)
[2026-04-18 05:49:29] [溢价告警] 全球芯片LOF(501225) 溢价率: 13.56% (阈值: 10.0%)
[2026-04-18 05:49:33] [溢价告警] 南方原油LOF(501018) 溢价率: 26.12% (阈值: 10.0%)
[2026-04-19 03:49:25] [溢价告警] 国投白银LOF(161226) 溢价率: 29.51% (阈值: 10.0%)
[2026-04-19 03:49:26] [溢价告警] 原油LOF易方达(161129) 溢价率: 20.99% (阈值: 10.0%)
[2026-04-19 03:49:28] [溢价告警] 嘉实原油LOF(160723) 溢价率: 17.76% (阈值: 10.0%)
[2026-04-19 03:49:29] [溢价告警] 石油基金LOF(160416) 溢价率: 11.67% (阈值: 10.0%)
[2026-04-19 03:49:30] [溢价告警] 全球芯片LOF(501225) 溢价率: 13.56% (阈值: 10.0%)
[2026-04-19 03:49:35] [溢价告警] 南方原油LOF(501018) 溢价率: 26.12% (阈值: 10.0%)
[2026-04-19 06:08:34] [溢价告警] 国投白银LOF(161226) 溢价率: 29.51% (阈值: 10.0%)
[2026-04-19 06:08:34] [溢价告警] 原油LOF易方达(161129) 溢价率: 20.99% (阈值: 10.0%)
[2026-04-19 06:08:35] [溢价告警] 嘉实原油LOF(160723) 溢价率: 17.76% (阈值: 10.0%)
[2026-04-19 06:08:35] [溢价告警] 石油基金LOF(160416) 溢价率: 11.67% (阈值: 10.0%)
[2026-04-19 06:08:35] [溢价告警] 全球芯片LOF(501225) 溢价率: 13.56% (阈值: 10.0%)
[2026-04-19 06:08:36] [溢价告警] 南方原油LOF(501018) 溢价率: 26.12% (阈值: 10.0%)
[2026-04-20 03:50:58] [溢价告警] 国投白银LOF(161226) 溢价率: 30.09% (阈值: 10.0%)
[2026-04-20 03:50:58] [溢价告警] 原油LOF易方达(161129) 溢价率: 22.14% (阈值: 10.0%)
[2026-04-20 03:50:59] [溢价告警] 嘉实原油LOF(160723) 溢价率: 18.71% (阈值: 10.0%)
[2026-04-20 03:50:59] [溢价告警] 石油基金LOF(160416) 溢价率: 12.05% (阈值: 10.0%)
[2026-04-20 03:50:59] [溢价告警] 全球芯片LOF(501225) 溢价率: 13.19% (阈值: 10.0%)
[2026-04-20 03:51:03] [溢价告警] 南方原油LOF(501018) 溢价率: 25.32% (阈值: 10.0%)
[2026-04-20 06:26:46] [溢价告警] 国投白银LOF(161226) 溢价率: 29.82% (阈值: 10.0%)
[2026-04-20 06:26:47] [溢价告警] 原油LOF易方达(161129) 溢价率: 20.99% (阈值: 10.0%)
[2026-04-20 06:26:47] [溢价告警] 嘉实原油LOF(160723) 溢价率: 18.01% (阈值: 10.0%)
[2026-04-20 06:26:47] [溢价告警] 石油基金LOF(160416) 溢价率: 11.86% (阈值: 10.0%)
[2026-04-20 06:26:48] [溢价告警] 全球芯片LOF(501225) 溢价率: 12.29% (阈值: 10.0%)
[2026-04-20 06:26:51] [溢价告警] 南方原油LOF(501018) 溢价率: 24.11% (阈值: 10.0%)
[2026-04-21 03:45:11] [溢价告警] 国投白银LOF(161226) 溢价率: 24.90% (阈值: 10.0%)
[2026-04-21 03:45:11] [溢价告警] 原油LOF易方达(161129) 溢价率: 25.21% (阈值: 10.0%)
[2026-04-21 03:45:11] [溢价告警] 嘉实原油LOF(160723) 溢价率: 21.86% (阈值: 10.0%)
[2026-04-21 03:45:12] [溢价告警] 石油基金LOF(160416) 溢价率: 12.33% (阈值: 10.0%)
[2026-04-21 03:45:13] [折价告警] 科创板长城(506008) 折价率: 10.99% (阈值: 10.0%)
[2026-04-21 03:45:26] [溢价告警] 南方原油LOF(501018) 溢价率: 25.91% (阈值: 10.0%)
[2026-04-21 06:12:48] [溢价告警] 国投白银LOF(161226) 溢价率: 24.85% (阈值: 10.0%)
[2026-04-21 06:12:48] [溢价告警] 原油LOF易方达(161129) 溢价率: 22.43% (阈值: 10.0%)
[2026-04-21 06:12:48] [溢价告警] 嘉实原油LOF(160723) 溢价率: 20.90% (阈值: 10.0%)
[2026-04-21 06:12:49] [溢价告警] 石油基金LOF(160416) 溢价率: 10.46% (阈值: 10.0%)
[2026-04-21 06:12:49] [折价告警] 科创板长城(506008) 折价率: 10.99% (阈值: 10.0%)
[2026-04-21 06:12:49] [溢价告警] 全球芯片LOF(501225) 溢价率: 10.70% (阈值: 10.0%)
[2026-04-21 06:12:50] [溢价告警] 南方原油LOF(501018) 溢价率: 24.50% (阈值: 10.0%)
[2026-04-22 03:41:03] [溢价告警] 国投白银LOF(161226) 溢价率: 26.75% (阈值: 10.0%)
[2026-04-22 03:41:09] [溢价告警] 原油LOF易方达(161129) 溢价率: 15.78% (阈值: 10.0%)
[2026-04-22 03:41:10] [溢价告警] 嘉实原油LOF(160723) 溢价率: 13.87% (阈值: 10.0%)
[2026-04-22 03:41:12] [溢价告警] 全球芯片LOF(501225) 溢价率: 12.89% (阈值: 10.0%)
[2026-04-22 03:41:15] [溢价告警] 南方原油LOF(501018) 溢价率: 16.32% (阈值: 10.0%)
[2026-04-22 06:09:02] [溢价告警] 国投白银LOF(161226) 溢价率: 26.71% (阈值: 10.0%)
[2026-04-22 06:09:02] [溢价告警] 原油LOF易方达(161129) 溢价率: 13.16% (阈值: 10.0%)
[2026-04-22 06:09:03] [溢价告警] 嘉实原油LOF(160723) 溢价率: 11.18% (阈值: 10.0%)
[2026-04-22 06:09:03] [溢价告警] 全球芯片LOF(501225) 溢价率: 14.44% (阈值: 10.0%)
[2026-04-22 06:09:04] [溢价告警] 南方原油LOF(501018) 溢价率: 12.94% (阈值: 10.0%)
[2026-04-23 03:45:35] [溢价告警] 国富中证A100LOF(164508) 溢价率: 12.82% (阈值: 10.0%)
[2026-04-23 03:45:36] [溢价告警] 国投白银LOF(161226) 溢价率: 24.57% (阈值: 10.0%)
[2026-04-23 03:45:36] [溢价告警] 原油LOF易方达(161129) 溢价率: 17.48% (阈值: 10.0%)
[2026-04-23 03:45:36] [溢价告警] 嘉实原油LOF(160723) 溢价率: 14.73% (阈值: 10.0%)
[2026-04-23 03:45:37] [溢价告警] 石油基金LOF(160416) 溢价率: 13.98% (阈值: 10.0%)
[2026-04-23 03:45:38] [折价告警] 科创板长城(506008) 折价率: 11.84% (阈值: 10.0%)
[2026-04-23 03:45:38] [溢价告警] 全球芯片LOF(501225) 溢价率: 13.20% (阈值: 10.0%)
[2026-04-23 03:45:41] [溢价告警] 南方原油LOF(501018) 溢价率: 16.72% (阈值: 10.0%)
[2026-04-23 06:16:43] [溢价告警] 国富中证A100LOF(164508) 溢价率: 12.75% (阈值: 10.0%)
[2026-04-23 06:16:43] [溢价告警] 国投白银LOF(161226) 溢价率: 24.71% (阈值: 10.0%)
[2026-04-23 06:16:44] [溢价告警] 原油LOF易方达(161129) 溢价率: 14.87% (阈值: 10.0%)
[2026-04-23 06:16:44] [溢价告警] 嘉实原油LOF(160723) 溢价率: 11.48% (阈值: 10.0%)
[2026-04-23 06:16:45] [溢价告警] 石油基金LOF(160416) 溢价率: 10.41% (阈值: 10.0%)
[2026-04-23 06:16:45] [折价告警] 科创板长城(506008) 折价率: 11.75% (阈值: 10.0%)
[2026-04-23 06:16:45] [溢价告警] 全球芯片LOF(501225) 溢价率: 15.98% (阈值: 10.0%)
[2026-04-23 06:16:57] [溢价告警] 鹏华创新未来LOF(501205) 溢价率: 11.17% (阈值: 10.0%)
[2026-04-23 06:16:58] [溢价告警] 南方原油LOF(501018) 溢价率: 13.39% (阈值: 10.0%)
[2026-04-24 03:48:49] [溢价告警] 国投白银LOF(161226) 溢价率: 21.18% (阈值: 10.0%)
[2026-04-24 03:48:49] [溢价告警] 原油LOF易方达(161129) 溢价率: 20.70% (阈值: 10.0%)
[2026-04-24 03:48:49] [溢价告警] 嘉实原油LOF(160723) 溢价率: 15.62% (阈值: 10.0%)
[2026-04-24 03:48:49] [溢价告警] 石油基金LOF(160416) 溢价率: 10.74% (阈值: 10.0%)
[2026-04-24 03:48:50] [折价告警] 科创板长城(506008) 折价率: 10.04% (阈值: 10.0%)
[2026-04-24 03:48:50] [溢价告警] 全球芯片LOF(501225) 溢价率: 20.39% (阈值: 10.0%)
[2026-04-24 03:48:55] [溢价告警] 南方原油LOF(501018) 溢价率: 17.55% (阈值: 10.0%)
[2026-04-24 06:20:00] [溢价告警] 国投白银LOF(161226) 溢价率: 22.23% (阈值: 10.0%)
[2026-04-24 06:20:00] [溢价告警] 原油LOF易方达(161129) 溢价率: 19.27% (阈值: 10.0%)
[2026-04-24 06:20:01] [溢价告警] 嘉实原油LOF(160723) 溢价率: 14.63% (阈值: 10.0%)
[2026-04-24 06:20:01] [折价告警] 科创板长城(506008) 折价率: 10.22% (阈值: 10.0%)
[2026-04-24 06:20:01] [溢价告警] 全球芯片LOF(501225) 溢价率: 20.97% (阈值: 10.0%)
[2026-04-24 06:20:02] [溢价告警] 南方原油LOF(501018) 溢价率: 16.92% (阈值: 10.0%)
[2026-04-25 03:31:20] [溢价告警] 多因子LOF(166107) 溢价率: 10.48% (阈值: 10.0%)
[2026-04-25 03:31:21] [溢价告警] 国投白银LOF(161226) 溢价率: 25.20% (阈值: 10.0%)
[2026-04-25 03:31:22] [溢价告警] 原油LOF易方达(161129) 溢价率: 15.91% (阈值: 10.0%)
[2026-04-25 03:31:23] [溢价告警] 嘉实原油LOF(160723) 溢价率: 12.24% (阈值: 10.0%)
[2026-04-25 03:31:24] [折价告警] 科创板长城(506008) 折价率: 11.76% (阈值: 10.0%)
[2026-04-25 03:31:25] [溢价告警] 全球芯片LOF(501225) 溢价率: 20.20% (阈值: 10.0%)
[2026-04-25 03:31:29] [溢价告警] 南方原油LOF(501018) 溢价率: 14.38% (阈值: 10.0%)
[2026-04-25 05:57:03] [溢价告警] 多因子LOF(166107) 溢价率: 10.48% (阈值: 10.0%)
[2026-04-25 05:57:03] [溢价告警] 国投白银LOF(161226) 溢价率: 25.20% (阈值: 10.0%)
[2026-04-25 05:57:03] [溢价告警] 原油LOF易方达(161129) 溢价率: 15.91% (阈值: 10.0%)
[2026-04-25 05:57:03] [溢价告警] 嘉实原油LOF(160723) 溢价率: 12.24% (阈值: 10.0%)
[2026-04-25 05:57:04] [折价告警] 科创板长城(506008) 折价率: 11.76% (阈值: 10.0%)
[2026-04-25 05:57:05] [溢价告警] 全球芯片LOF(501225) 溢价率: 20.20% (阈值: 10.0%)
[2026-04-25 05:57:09] [溢价告警] 南方原油LOF(501018) 溢价率: 14.38% (阈值: 10.0%)
[2026-04-26 03:55:08] [溢价告警] 多因子LOF(166107) 溢价率: 10.48% (阈值: 10.0%)
[2026-04-26 03:55:10] [溢价告警] 国投白银LOF(161226) 溢价率: 25.20% (阈值: 10.0%)
[2026-04-26 03:55:11] [溢价告警] 原油LOF易方达(161129) 溢价率: 15.91% (阈值: 10.0%)
[2026-04-26 03:55:11] [溢价告警] 嘉实原油LOF(160723) 溢价率: 12.24% (阈值: 10.0%)
[2026-04-26 03:55:12] [折价告警] 科创板长城(506008) 折价率: 11.76% (阈值: 10.0%)
[2026-04-26 03:55:13] [溢价告警] 全球芯片LOF(501225) 溢价率: 20.20% (阈值: 10.0%)
[2026-04-26 03:55:17] [溢价告警] 南方原油LOF(501018) 溢价率: 14.38% (阈值: 10.0%)
[2026-04-26 06:19:21] [溢价告警] 多因子LOF(166107) 溢价率: 10.48% (阈值: 10.0%)
[2026-04-26 06:19:23] [溢价告警] 国投白银LOF(161226) 溢价率: 25.20% (阈值: 10.0%)
[2026-04-26 06:19:23] [溢价告警] 原油LOF易方达(161129) 溢价率: 15.91% (阈值: 10.0%)
[2026-04-26 06:19:24] [溢价告警] 嘉实原油LOF(160723) 溢价率: 12.24% (阈值: 10.0%)
[2026-04-26 06:19:25] [折价告警] 科创板长城(506008) 折价率: 11.76% (阈值: 10.0%)
[2026-04-26 06:19:26] [溢价告警] 全球芯片LOF(501225) 溢价率: 20.20% (阈值: 10.0%)
[2026-04-26 06:19:30] [溢价告警] 南方原油LOF(501018) 溢价率: 14.38% (阈值: 10.0%)
[2026-04-27 03:59:11] [溢价告警] 国投白银LOF(161226) 溢价率: 25.20% (阈值: 10.0%)
[2026-04-27 03:59:12] [溢价告警] 原油LOF易方达(161129) 溢价率: 12.54% (阈值: 10.0%)
[2026-04-27 03:59:13] [折价告警] 科创板长城(506008) 折价率: 10.05% (阈值: 10.0%)
[2026-04-27 03:59:14] [溢价告警] 全球芯片LOF(501225) 溢价率: 27.41% (阈值: 10.0%)
[2026-04-27 03:59:17] [溢价告警] 南方原油LOF(501018) 溢价率: 11.07% (阈值: 10.0%)
[2026-04-27 06:41:48] [溢价告警] 国投白银LOF(161226) 溢价率: 25.01% (阈值: 10.0%)
[2026-04-27 06:41:48] [溢价告警] 原油LOF易方达(161129) 溢价率: 16.26% (阈值: 10.0%)
[2026-04-27 06:41:49] [溢价告警] 嘉实原油LOF(160723) 溢价率: 11.28% (阈值: 10.0%)
[2026-04-27 06:41:50] [溢价告警] 全球芯片LOF(501225) 溢价率: 25.23% (阈值: 10.0%)
[2026-04-27 06:41:50] [溢价告警] 南方原油LOF(501018) 溢价率: 13.06% (阈值: 10.0%)
[2026-04-28 04:03:59] [溢价告警] 国投白银LOF(161226) 溢价率: 23.05% (阈值: 10.0%)
[2026-04-28 04:04:00] [溢价告警] 原油LOF易方达(161129) 溢价率: 17.99% (阈值: 10.0%)
[2026-04-28 04:04:02] [溢价告警] 嘉实原油LOF(160723) 溢价率: 12.31% (阈值: 10.0%)
[2026-04-28 04:04:02] [折价告警] 科创板长城(506008) 折价率: 11.72% (阈值: 10.0%)
[2026-04-28 04:04:04] [溢价告警] 全球芯片LOF(501225) 溢价率: 17.46% (阈值: 10.0%)
[2026-04-28 04:04:08] [溢价告警] 南方原油LOF(501018) 溢价率: 14.06% (阈值: 10.0%)
[2026-04-28 06:42:38] [溢价告警] 国投白银LOF(161226) 溢价率: 22.11% (阈值: 10.0%)
[2026-04-28 06:42:38] [溢价告警] 原油LOF易方达(161129) 溢价率: 20.83% (阈值: 10.0%)
[2026-04-28 06:42:39] [溢价告警] 嘉实原油LOF(160723) 溢价率: 14.23% (阈值: 10.0%)
[2026-04-28 06:42:39] [折价告警] 科创板长城(506008) 折价率: 12.68% (阈值: 10.0%)
[2026-04-28 06:42:40] [溢价告警] 全球芯片LOF(501225) 溢价率: 14.22% (阈值: 10.0%)
[2026-04-28 06:42:41] [溢价告警] 南方原油LOF(501018) 溢价率: 15.88% (阈值: 10.0%)
[2026-04-29 04:01:37] [溢价告警] 国投白银LOF(161226) 溢价率: 25.48% (阈值: 10.0%)
[2026-04-29 04:01:38] [溢价告警] 原油LOF易方达(161129) 溢价率: 19.86% (阈值: 10.0%)
[2026-04-29 04:01:39] [溢价告警] 嘉实原油LOF(160723) 溢价率: 13.75% (阈值: 10.0%)
[2026-04-29 04:01:40] [折价告警] 科创板长城(506008) 折价率: 11.37% (阈值: 10.0%)
[2026-04-29 04:01:41] [溢价告警] 全球芯片LOF(501225) 溢价率: 15.85% (阈值: 10.0%)
[2026-04-29 04:01:43] [溢价告警] 南方原油LOF(501018) 溢价率: 16.80% (阈值: 10.0%)
[2026-04-29 06:35:42] [溢价告警] 国投白银LOF(161226) 溢价率: 25.48% (阈值: 10.0%)
[2026-04-29 06:35:42] [溢价告警] 原油LOF易方达(161129) 溢价率: 19.46% (阈值: 10.0%)
[2026-04-29 06:35:43] [溢价告警] 嘉实原油LOF(160723) 溢价率: 14.32% (阈值: 10.0%)
[2026-04-29 06:35:43] [折价告警] 科创板长城(506008) 折价率: 10.84% (阈值: 10.0%)
[2026-04-29 06:35:43] [溢价告警] 全球芯片LOF(501225) 溢价率: 18.77% (阈值: 10.0%)
[2026-04-29 06:35:44] [溢价告警] 南方原油LOF(501018) 溢价率: 17.88% (阈值: 10.0%)
[2026-04-30 04:02:51] [溢价告警] 国投白银LOF(161226) 溢价率: 27.62% (阈值: 10.0%)
[2026-04-30 04:02:52] [溢价告警] 原油LOF易方达(161129) 溢价率: 22.52% (阈值: 10.0%)
[2026-04-30 04:02:53] [溢价告警] 嘉实原油LOF(160723) 溢价率: 15.81% (阈值: 10.0%)
[2026-04-30 04:02:54] [溢价告警] 全球芯片LOF(501225) 溢价率: 27.49% (阈值: 10.0%)
[2026-04-30 04:02:59] [溢价告警] 南方原油LOF(501018) 溢价率: 19.89% (阈值: 10.0%)
[2026-04-30 06:39:57] [溢价告警] 国投白银LOF(161226) 溢价率: 29.19% (阈值: 10.0%)
[2026-04-30 06:39:57] [溢价告警] 原油LOF易方达(161129) 溢价率: 20.01% (阈值: 10.0%)
[2026-04-30 06:39:58] [溢价告警] 嘉实原油LOF(160723) 溢价率: 14.42% (阈值: 10.0%)
[2026-04-30 06:39:58] [溢价告警] 全球芯片LOF(501225) 溢价率: 29.02% (阈值: 10.0%)
[2026-04-30 06:39:59] [溢价告警] 南方原油LOF(501018) 溢价率: 17.87% (阈值: 10.0%)
[2026-05-01 04:14:59] [溢价告警] 国投白银LOF(161226) 溢价率: 32.84% (阈值: 10.0%)
[2026-05-01 04:15:01] [溢价告警] 原油LOF易方达(161129) 溢价率: 11.76% (阈值: 10.0%)
[2026-05-01 04:15:03] [折价告警] 科创板长城(506008) 折价率: 12.55% (阈值: 10.0%)
[2026-05-01 04:15:04] [溢价告警] 全球芯片LOF(501225) 溢价率: 29.96% (阈值: 10.0%)
[2026-05-01 04:15:09] [溢价告警] 南方原油LOF(501018) 溢价率: 10.30% (阈值: 10.0%)
[2026-05-01 06:43:47] [溢价告警] 国投白银LOF(161226) 溢价率: 32.84% (阈值: 10.0%)
[2026-05-01 06:43:47] [溢价告警] 原油LOF易方达(161129) 溢价率: 11.76% (阈值: 10.0%)
[2026-05-01 06:43:48] [折价告警] 科创板长城(506008) 折价率: 12.55% (阈值: 10.0%)
[2026-05-01 06:43:50] [溢价告警] 全球芯片LOF(501225) 溢价率: 29.96% (阈值: 10.0%)
[2026-05-01 06:43:53] [溢价告警] 南方原油LOF(501018) 溢价率: 10.30% (阈值: 10.0%)
[2026-05-02 03:49:04] [溢价告警] 国投白银LOF(161226) 溢价率: 32.84% (阈值: 10.0%)
[2026-05-02 03:49:05] [溢价告警] 原油LOF易方达(161129) 溢价率: 11.76% (阈值: 10.0%)
[2026-05-02 03:49:06] [折价告警] 科创板长城(506008) 折价率: 12.55% (阈值: 10.0%)
[2026-05-02 03:49:07] [溢价告警] 全球芯片LOF(501225) 溢价率: 29.96% (阈值: 10.0%)
[2026-05-02 03:49:12] [溢价告警] 南方原油LOF(501018) 溢价率: 10.30% (阈值: 10.0%)
[2026-05-02 06:19:47] [溢价告警] 国投白银LOF(161226) 溢价率: 32.84% (阈值: 10.0%)
[2026-05-02 06:19:48] [溢价告警] 原油LOF易方达(161129) 溢价率: 11.76% (阈值: 10.0%)
[2026-05-02 06:19:49] [折价告警] 科创板长城(506008) 折价率: 12.55% (阈值: 10.0%)
[2026-05-02 06:19:50] [溢价告警] 全球芯片LOF(501225) 溢价率: 29.96% (阈值: 10.0%)
[2026-05-02 06:19:53] [溢价告警] 南方原油LOF(501018) 溢价率: 10.30% (阈值: 10.0%)
[2026-05-03 04:10:09] [溢价告警] 国投白银LOF(161226) 溢价率: 32.84% (阈值: 10.0%)
[2026-05-03 04:10:09] [溢价告警] 原油LOF易方达(161129) 溢价率: 11.76% (阈值: 10.0%)
[2026-05-03 04:10:10] [折价告警] 科创板长城(506008) 折价率: 12.55% (阈值: 10.0%)
[2026-05-03 04:10:10] [溢价告警] 全球芯片LOF(501225) 溢价率: 29.96% (阈值: 10.0%)
[2026-05-03 04:10:14] [溢价告警] 南方原油LOF(501018) 溢价率: 10.30% (阈值: 10.0%)
[2026-05-03 06:37:28] [溢价告警] 国投白银LOF(161226) 溢价率: 32.84% (阈值: 10.0%)
[2026-05-03 06:37:29] [溢价告警] 原油LOF易方达(161129) 溢价率: 11.76% (阈值: 10.0%)
[2026-05-03 06:37:29] [折价告警] 科创板长城(506008) 折价率: 12.55% (阈值: 10.0%)
[2026-05-03 06:37:30] [溢价告警] 全球芯片LOF(501225) 溢价率: 29.96% (阈值: 10.0%)
[2026-05-03 06:37:31] [溢价告警] 南方原油LOF(501018) 溢价率: 10.30% (阈值: 10.0%)
[2026-05-04 04:07:34] [溢价告警] 国投白银LOF(161226) 溢价率: 32.84% (阈值: 10.0%)
[2026-05-04 04:07:35] [溢价告警] 原油LOF易方达(161129) 溢价率: 11.76% (阈值: 10.0%)
[2026-05-04 04:07:37] [折价告警] 科创板长城(506008) 折价率: 12.55% (阈值: 10.0%)
[2026-05-04 04:07:38] [溢价告警] 全球芯片LOF(501225) 溢价率: 29.96% (阈值: 10.0%)
[2026-05-04 04:07:46] [溢价告警] 南方原油LOF(501018) 溢价率: 10.30% (阈值: 10.0%)
[2026-05-04 06:52:29] [溢价告警] 国投白银LOF(161226) 溢价率: 32.84% (阈值: 10.0%)
[2026-05-04 06:52:30] [溢价告警] 原油LOF易方达(161129) 溢价率: 11.76% (阈值: 10.0%)
[2026-05-04 06:52:30] [折价告警] 科创板长城(506008) 折价率: 12.55% (阈值: 10.0%)
[2026-05-04 06:52:30] [溢价告警] 全球芯片LOF(501225) 溢价率: 29.96% (阈值: 10.0%)
[2026-05-04 06:52:33] [溢价告警] 南方原油LOF(501018) 溢价率: 10.30% (阈值: 10.0%)
[2026-05-05 03:48:43] [溢价告警] 国投白银LOF(161226) 溢价率: 32.84% (阈值: 10.0%)
[2026-05-05 03:48:44] [溢价告警] 原油LOF易方达(161129) 溢价率: 11.76% (阈值: 10.0%)
[2026-05-05 03:48:45] [折价告警] 科创板长城(506008) 折价率: 12.55% (阈值: 10.0%)
[2026-05-05 03:48:46] [溢价告警] 全球芯片LOF(501225) 溢价率: 29.96% (阈值: 10.0%)
[2026-05-05 03:48:50] [溢价告警] 南方原油LOF(501018) 溢价率: 10.30% (阈值: 10.0%)
[2026-05-05 06:27:46] [溢价告警] 国投白银LOF(161226) 溢价率: 32.84% (阈值: 10.0%)
[2026-05-05 06:27:47] [溢价告警] 原油LOF易方达(161129) 溢价率: 11.76% (阈值: 10.0%)
[2026-05-05 06:27:47] [折价告警] 科创板长城(506008) 折价率: 12.55% (阈值: 10.0%)
[2026-05-05 06:27:48] [溢价告警] 全球芯片LOF(501225) 溢价率: 29.96% (阈值: 10.0%)
[2026-05-05 06:27:49] [溢价告警] 南方原油LOF(501018) 溢价率: 10.30% (阈值: 10.0%)
[2026-05-06 04:02:53] [溢价告警] 国投白银LOF(161226) 溢价率: 35.27% (阈值: 10.0%)
[2026-05-06 04:02:54] [溢价告警] 华夏磐晟LOF(160324) 溢价率: 15.58% (阈值: 10.0%)
[2026-05-06 04:02:55] [溢价告警] 全球芯片LOF(501225) 溢价率: 41.23% (阈值: 10.0%)
[2026-05-06 04:02:58] [溢价告警] 国联安科创LOF(501096) 溢价率: 10.41% (阈值: 10.0%)
[2026-05-06 06:43:28] [溢价告警] 国投白银LOF(161226) 溢价率: 35.37% (阈值: 10.0%)
[2026-05-06 06:43:28] [溢价告警] 华夏磐晟LOF(160324) 溢价率: 15.05% (阈值: 10.0%)
[2026-05-06 06:43:29] [溢价告警] 全球芯片LOF(501225) 溢价率: 42.91% (阈值: 10.0%)
[2026-05-06 06:43:30] [溢价告警] 国联安科创LOF(501096) 溢价率: 10.41% (阈值: 10.0%)
[2026-05-07 04:02:42] [溢价告警] 国投白银LOF(161226) 溢价率: 29.47% (阈值: 10.0%)
[2026-05-07 04:02:42] [溢价告警] 港美互联网LOF(160644) 溢价率: 11.30% (阈值: 10.0%)
[2026-05-07 04:02:44] [折价告警] 科创板长城(506008) 折价率: 11.60% (阈值: 10.0%)
[2026-05-07 04:02:45] [溢价告警] 全球芯片LOF(501225) 溢价率: 44.80% (阈值: 10.0%)
[2026-05-07 06:50:23] [溢价告警] 国投白银LOF(161226) 溢价率: 30.13% (阈值: 10.0%)
[2026-05-07 06:50:24] [折价告警] 科创板长城(506008) 折价率: 11.35% (阈值: 10.0%)
[2026-05-07 06:50:24] [溢价告警] 全球芯片LOF(501225) 溢价率: 44.80% (阈值: 10.0%)
[2026-05-08 03:52:36] [溢价告警] 国投白银LOF(161226) 溢价率: 25.61% (阈值: 10.0%)
[2026-05-08 03:52:37] [溢价告警] 原油LOF易方达(161129) 溢价率: 11.39% (阈值: 10.0%)
[2026-05-08 03:52:39] [折价告警] 科创板长城(506008) 折价率: 15.02% (阈值: 10.0%)
[2026-05-08 03:52:39] [溢价告警] 全球芯片LOF(501225) 溢价率: 27.51% (阈值: 10.0%)
[2026-05-08 06:07:36] [溢价告警] 国投白银LOF(161226) 溢价率: 26.12% (阈值: 10.0%)
[2026-05-08 06:07:37] [折价告警] 科创板长城(506008) 折价率: 14.38% (阈值: 10.0%)
[2026-05-08 06:07:37] [溢价告警] 全球芯片LOF(501225) 溢价率: 35.44% (阈值: 10.0%)
[2026-05-09 03:54:13] [溢价告警] 国投白银LOF(161226) 溢价率: 21.74% (阈值: 10.0%)
[2026-05-09 03:54:14] [溢价告警] 原油LOF易方达(161129) 溢价率: 10.56% (阈值: 10.0%)
[2026-05-09 03:54:15] [折价告警] 科创板长城(506008) 折价率: 12.05% (阈值: 10.0%)
[2026-05-09 03:54:16] [溢价告警] 全球芯片LOF(501225) 溢价率: 38.80% (阈值: 10.0%)
[2026-05-09 06:27:53] [溢价告警] 国投白银LOF(161226) 溢价率: 21.74% (阈值: 10.0%)
[2026-05-09 06:27:53] [溢价告警] 原油LOF易方达(161129) 溢价率: 10.56% (阈值: 10.0%)
[2026-05-09 06:27:54] [折价告警] 科创板长城(506008) 折价率: 12.05% (阈值: 10.0%)
[2026-05-09 06:27:54] [溢价告警] 全球芯片LOF(501225) 溢价率: 38.80% (阈值: 10.0%)
[2026-05-10 04:12:44] [溢价告警] 国投白银LOF(161226) 溢价率: 21.74% (阈值: 10.0%)
[2026-05-10 04:12:45] [溢价告警] 原油LOF易方达(161129) 溢价率: 10.56% (阈值: 10.0%)
[2026-05-10 04:12:47] [折价告警] 科创板长城(506008) 折价率: 12.05% (阈值: 10.0%)
[2026-05-10 04:12:48] [溢价告警] 全球芯片LOF(501225) 溢价率: 38.80% (阈值: 10.0%)
[2026-05-10 06:41:31] [溢价告警] 国投白银LOF(161226) 溢价率: 21.74% (阈值: 10.0%)
[2026-05-10 06:41:31] [溢价告警] 原油LOF易方达(161129) 溢价率: 10.56% (阈值: 10.0%)
[2026-05-10 06:41:32] [折价告警] 科创板长城(506008) 折价率: 12.05% (阈值: 10.0%)
[2026-05-10 06:41:32] [溢价告警] 全球芯片LOF(501225) 溢价率: 38.80% (阈值: 10.0%)
[2026-05-11 04:34:20] [溢价告警] 国投白银LOF(161226) 溢价率: 20.32% (阈值: 10.0%)
[2026-05-11 04:34:20] [溢价告警] 原油LOF易方达(161129) 溢价率: 13.17% (阈值: 10.0%)
[2026-05-11 04:34:21] [溢价告警] 全球芯片LOF(501225) 溢价率: 46.93% (阈值: 10.0%)
[2026-05-11 04:34:31] [溢价告警] 南方原油LOF(501018) 溢价率: 11.70% (阈值: 10.0%)
[2026-05-11 07:53:10] [溢价告警] 国投白银LOF(161226) 溢价率: 19.39% (阈值: 10.0%)
[2026-05-11 07:53:11] [溢价告警] 原油LOF易方达(161129) 溢价率: 12.59% (阈值: 10.0%)
[2026-05-11 07:53:11] [溢价告警] 港美互联网LOF(160644) 溢价率: 11.40% (阈值: 10.0%)
[2026-05-11 07:53:12] [溢价告警] 全球芯片LOF(501225) 溢价率: 46.82% (阈值: 10.0%)
[2026-05-11 07:53:13] [溢价告警] 国联安科创LOF(501096) 溢价率: 11.45% (阈值: 10.0%)
[2026-05-11 07:53:13] [溢价告警] 南方原油LOF(501018) 溢价率: 10.93% (阈值: 10.0%)
[2026-05-12 04:03:46] [溢价告警] 国投白银LOF(161226) 溢价率: 23.47% (阈值: 10.0%)
[2026-05-12 04:03:47] [溢价告警] 原油LOF易方达(161129) 溢价率: 12.14% (阈值: 10.0%)
[2026-05-12 04:03:48] [折价告警] 科创板长城(506008) 折价率: 13.88% (阈值: 10.0%)
[2026-05-12 04:03:49] [溢价告警] 全球芯片LOF(501225) 溢价率: 39.26% (阈值: 10.0%)
[2026-05-12 06:46:40] [溢价告警] 国投白银LOF(161226) 溢价率: 22.50% (阈值: 10.0%)
[2026-05-12 06:46:40] [溢价告警] 原油LOF易方达(161129) 溢价率: 11.68% (阈值: 10.0%)
[2026-05-12 06:46:41] [折价告警] 科创板长城(506008) 折价率: 13.18% (阈值: 10.0%)
[2026-05-12 06:46:42] [溢价告警] 全球芯片LOF(501225) 溢价率: 38.89% (阈值: 10.0%)
[2026-05-13 04:11:25] [溢价告警] 中信保诚鼎利LOF(165528) 溢价率: 13.94% (阈值: 10.0%)
[2026-05-13 04:11:25] [溢价告警] 国投白银LOF(161226) 溢价率: 15.26% (阈值: 10.0%)
[2026-05-13 04:11:26] [折价告警] 科创板长城(506008) 折价率: 13.41% (阈值: 10.0%)
[2026-05-13 04:11:30] [溢价告警] 全球芯片LOF(501225) 溢价率: 32.61% (阈值: 10.0%)
[2026-05-13 07:24:11] [溢价告警] 中信保诚鼎利LOF(165528) 溢价率: 14.16% (阈值: 10.0%)
[2026-05-13 07:24:11] [溢价告警] 国投白银LOF(161226) 溢价率: 15.05% (阈值: 10.0%)
[2026-05-13 07:24:12] [溢价告警] 港美互联网LOF(160644) 溢价率: 14.33% (阈值: 10.0%)
[2026-05-13 07:24:13] [折价告警] 科创板长城(506008) 折价率: 11.92% (阈值: 10.0%)
[2026-05-13 07:24:13] [溢价告警] 全球芯片LOF(501225) 溢价率: 42.46% (阈值: 10.0%)
[2026-05-14 04:11:34] [溢价告警] 中信保诚鼎利LOF(165528) 溢价率: 21.68% (阈值: 10.0%)
[2026-05-14 04:11:35] [溢价告警] 国投白银LOF(161226) 溢价率: 12.93% (阈值: 10.0%)
[2026-05-14 04:11:36] [溢价告警] 港美互联网LOF(160644) 溢价率: 17.69% (阈值: 10.0%)
[2026-05-14 04:11:36] [折价告警] 科创板长城(506008) 折价率: 15.29% (阈值: 10.0%)
[2026-05-14 04:11:37] [溢价告警] 全球芯片LOF(501225) 溢价率: 41.15% (阈值: 10.0%)
[2026-05-14 06:52:53] [溢价告警] 中信保诚鼎利LOF(165528) 溢价率: 21.68% (阈值: 10.0%)
[2026-05-14 06:52:53] [溢价告警] 国投白银LOF(161226) 溢价率: 12.85% (阈值: 10.0%)
[2026-05-14 06:52:53] [溢价告警] 港美互联网LOF(160644) 溢价率: 17.49% (阈值: 10.0%)
[2026-05-14 06:52:54] [折价告警] 科创板长城(506008) 折价率: 15.44% (阈值: 10.0%)
[2026-05-14 06:52:54] [溢价告警] 全球芯片LOF(501225) 溢价率: 41.65% (阈值: 10.0%)
[2026-05-15 04:16:08] [溢价告警] 中信保诚鼎利LOF(165528) 溢价率: 10.36% (阈值: 10.0%)
[2026-05-15 04:16:08] [溢价告警] 港美互联网LOF(160644) 溢价率: 15.77% (阈值: 10.0%)
[2026-05-15 04:16:09] [折价告警] 科创板长城(506008) 折价率: 11.48% (阈值: 10.0%)
[2026-05-15 04:16:12] [溢价告警] 全球芯片LOF(501225) 溢价率: 37.27% (阈值: 10.0%)
[2026-05-15 07:32:13] [溢价告警] 中信保诚鼎利LOF(165528) 溢价率: 10.36% (阈值: 10.0%)
[2026-05-15 07:32:14] [折价告警] 科创板长城(506008) 折价率: 12.60% (阈值: 10.0%)
[2026-05-15 07:32:14] [溢价告警] 全球芯片LOF(501225) 溢价率: 27.07% (阈值: 10.0%)
[2026-05-16 03:59:37] [溢价告警] 中信保诚鼎利LOF(165528) 溢价率: 12.51% (阈值: 10.0%)
[2026-05-16 03:59:37] [溢价告警] 国投白银LOF(161226) 溢价率: 13.22% (阈值: 10.0%)
[2026-05-16 03:59:39] [折价告警] 科创板长城(506008) 折价率: 12.78% (阈值: 10.0%)
[2026-05-16 03:59:39] [溢价告警] 全球芯片LOF(501225) 溢价率: 27.18% (阈值: 10.0%)
[2026-05-16 06:32:20] [溢价告警] 中信保诚鼎利LOF(165528) 溢价率: 12.51% (阈值: 10.0%)
[2026-05-16 06:32:20] [溢价告警] 国投白银LOF(161226) 溢价率: 13.22% (阈值: 10.0%)
[2026-05-16 06:32:22] [折价告警] 科创板长城(506008) 折价率: 12.78% (阈值: 10.0%)
[2026-05-16 06:32:22] [溢价告警] 全球芯片LOF(501225) 溢价率: 27.18% (阈值: 10.0%)
[2026-05-17 04:19:53] [溢价告警] 中信保诚鼎利LOF(165528) 溢价率: 12.51% (阈值: 10.0%)
[2026-05-17 04:19:54] [溢价告警] 国投白银LOF(161226) 溢价率: 13.22% (阈值: 10.0%)
[2026-05-17 04:19:55] [折价告警] 科创板长城(506008) 折价率: 12.78% (阈值: 10.0%)
[2026-05-17 04:19:55] [溢价告警] 全球芯片LOF(501225) 溢价率: 27.18% (阈值: 10.0%)
[2026-05-17 06:51:05] [溢价告警] 中信保诚鼎利LOF(165528) 溢价率: 12.51% (阈值: 10.0%)
[2026-05-17 06:51:05] [溢价告警] 国投白银LOF(161226) 溢价率: 13.22% (阈值: 10.0%)
[2026-05-17 06:51:07] [折价告警] 科创板长城(506008) 折价率: 12.78% (阈值: 10.0%)
[2026-05-17 06:51:08] [溢价告警] 全球芯片LOF(501225) 溢价率: 27.18% (阈值: 10.0%)
[2026-05-18 04:40:25] [折价告警] 科创板长城(506008) 折价率: 12.70% (阈值: 10.0%)
[2026-05-18 04:40:26] [溢价告警] 全球芯片LOF(501225) 溢价率: 21.11% (阈值: 10.0%)
[2026-05-18 04:40:28] [溢价告警] 南方原油LOF(501018) 溢价率: 10.61% (阈值: 10.0%)
[2026-05-18 08:14:54] [折价告警] 科创板长城(506008) 折价率: 12.54% (阈值: 10.0%)
[2026-05-18 08:14:54] [溢价告警] 全球芯片LOF(501225) 溢价率: 24.08% (阈值: 10.0%)
[2026-05-18 08:14:56] [溢价告警] 南方原油LOF(501018) 溢价率: 11.65% (阈值: 10.0%)
[2026-05-19 04:23:45] [溢价告警] 国投白银LOF(161226) 溢价率: 17.36% (阈值: 10.0%)
[2026-05-19 04:23:45] [折价告警] 科创板长城(506008) 折价率: 12.61% (阈值: 10.0%)
[2026-05-19 04:23:46] [溢价告警] 全球芯片LOF(501225) 溢价率: 20.49% (阈值: 10.0%)
[2026-05-19 07:55:49] [溢价告警] 国投白银LOF(161226) 溢价率: 17.41% (阈值: 10.0%)
[2026-05-19 07:55:50] [折价告警] 科创板长城(506008) 折价率: 10.79% (阈值: 10.0%)
[2026-05-19 07:55:50] [溢价告警] 全球芯片LOF(501225) 溢价率: 23.12% (阈值: 10.0%)
[2026-05-20 04:35:16] [溢价告警] 国投白银LOF(161226) 溢价率: 12.33% (阈值: 10.0%)
[2026-05-20 04:35:17] [折价告警] 科创板长城(506008) 折价率: 12.12% (阈值: 10.0%)
[2026-05-20 04:35:17] [溢价告警] 全球芯片LOF(501225) 溢价率: 22.94% (阈值: 10.0%)
[2026-05-20 07:55:06] [溢价告警] 国投白银LOF(161226) 溢价率: 14.02% (阈值: 10.0%)
[2026-05-20 07:55:06] [折价告警] 科创板长城(506008) 折价率: 11.36% (阈值: 10.0%)
[2026-05-20 07:55:06] [溢价告警] 全球芯片LOF(501225) 溢价率: 33.88% (阈值: 10.0%)
[2026-05-21 04:42:35] [溢价告警] 国投白银LOF(161226) 溢价率: 18.39% (阈值: 10.0%)
[2026-05-21 04:42:36] [折价告警] 科创板长城(506008) 折价率: 13.71% (阈值: 10.0%)
[2026-05-21 04:42:36] [溢价告警] 全球芯片LOF(501225) 溢价率: 38.32% (阈值: 10.0%)
[2026-05-21 04:42:37] [溢价告警] 科创加银LOF(501200) 溢价率: 14.13% (阈值: 10.0%)
[2026-05-21 08:03:25] [折价告警] 创业板2年定开(161914) 折价率: 10.15% (阈值: 10.0%)
[2026-05-21 08:03:26] [溢价告警] 国投白银LOF(161226) 溢价率: 16.59% (阈值: 10.0%)
[2026-05-21 08:03:26] [折价告警] 科创板长城(506008) 折价率: 16.28% (阈值: 10.0%)
[2026-05-21 08:03:26] [溢价告警] 全球芯片LOF(501225) 溢价率: 35.33% (阈值: 10.0%)
[2026-05-21 08:03:30] [溢价告警] 科创加银LOF(501200) 溢价率: 13.54% (阈值: 10.0%)
[2026-05-22 04:34:28] [溢价告警] 国投白银LOF(161226) 溢价率: 13.40% (阈值: 10.0%)
[2026-05-22 04:34:29] [折价告警] 科创板长城(506008) 折价率: 12.91% (阈值: 10.0%)
[2026-05-22 04:34:29] [溢价告警] 全球芯片LOF(501225) 溢价率: 33.05% (阈值: 10.0%)
[2026-05-22 07:53:05] [溢价告警] 国投白银LOF(161226) 溢价率: 16.06% (阈值: 10.0%)
[2026-05-22 07:53:06] [折价告警] 科创板长城(506008) 折价率: 11.53% (阈值: 10.0%)
[2026-05-22 07:53:06] [溢价告警] 全球芯片LOF(501225) 溢价率: 40.82% (阈值: 10.0%)
[2026-05-23 04:06:48] [溢价告警] 国投白银LOF(161226) 溢价率: 15.73% (阈值: 10.0%)
[2026-05-23 04:06:50] [折价告警] 科创板长城(506008) 折价率: 13.01% (阈值: 10.0%)
[2026-05-23 04:06:51] [溢价告警] 全球芯片LOF(501225) 溢价率: 40.78% (阈值: 10.0%)
[2026-05-23 06:43:42] [溢价告警] 国投白银LOF(161226) 溢价率: 15.73% (阈值: 10.0%)
[2026-05-23 06:43:42] [折价告警] 科创板长城(506008) 折价率: 13.01% (阈值: 10.0%)
[2026-05-23 06:43:43] [溢价告警] 全球芯片LOF(501225) 溢价率: 40.78% (阈值: 10.0%)
[2026-05-24 04:37:26] [溢价告警] 国投白银LOF(161226) 溢价率: 15.73% (阈值: 10.0%)
[2026-05-24 04:37:27] [折价告警] 科创板长城(506008) 折价率: 13.01% (阈值: 10.0%)
[2026-05-24 04:37:28] [溢价告警] 全球芯片LOF(501225) 溢价率: 40.78% (阈值: 10.0%)
[2026-05-24 07:29:52] [溢价告警] 国投白银LOF(161226) 溢价率: 15.73% (阈值: 10.0%)
[2026-05-24 07:29:54] [折价告警] 科创板长城(506008) 折价率: 13.01% (阈值: 10.0%)
[2026-05-24 07:29:55] [溢价告警] 全球芯片LOF(501225) 溢价率: 40.78% (阈值: 10.0%)
[2026-05-25 04:49:14] [溢价告警] 国投白银LOF(161226) 溢价率: 15.97% (阈值: 10.0%)
[2026-05-25 04:49:15] [折价告警] 科创板长城(506008) 折价率: 10.97% (阈值: 10.0%)
[2026-05-25 04:49:17] [溢价告警] 全球芯片LOF(501225) 溢价率: 50.35% (阈值: 10.0%)
[2026-05-25 08:39:32] [溢价告警] 国投白银LOF(161226) 溢价率: 15.78% (阈值: 10.0%)
[2026-05-25 08:39:38] [溢价告警] 国泰民益LOF(160220) 溢价率: 10.31% (阈值: 10.0%)
[2026-05-25 08:39:40] [溢价告警] 全球芯片LOF(501225) 溢价率: 50.48% (阈值: 10.0%)
[2026-05-25 08:39:46] [溢价告警] 财通福盛混合LOF(501032) 溢价率: 10.55% (阈值: 10.0%)
[2026-05-26 04:33:19] [溢价告警] 国投白银LOF(161226) 溢价率: 12.30% (阈值: 10.0%)
[2026-05-26 04:33:20] [溢价告警] 港美互联网LOF(160644) 溢价率: 11.35% (阈值: 10.0%)
[2026-05-26 04:33:20] [折价告警] 科创板长城(506008) 折价率: 15.60% (阈值: 10.0%)
[2026-05-26 04:33:20] [溢价告警] 全球芯片LOF(501225) 溢价率: 44.75% (阈值: 10.0%)
[2026-05-26 04:33:23] [折价告警] 广发睿阳(501070) 折价率: 10.34% (阈值: 10.0%)
[2026-05-26 04:33:23] [溢价告警] 财通福鑫定开混合(501046) 溢价率: 12.03% (阈值: 10.0%)
[2026-05-26 04:33:23] [溢价告警] 财通福享混合LOF(501026) 溢价率: 11.23% (阈值: 10.0%)
[2026-05-26 07:59:48] [溢价告警] 国投白银LOF(161226) 溢价率: 12.35% (阈值: 10.0%)
[2026-05-26 07:59:48] [溢价告警] 港美互联网LOF(160644) 溢价率: 13.34% (阈值: 10.0%)
[2026-05-26 07:59:48] [折价告警] 科创板长城(506008) 折价率: 14.54% (阈值: 10.0%)
[2026-05-26 07:59:49] [溢价告警] 全球芯片LOF(501225) 溢价率: 44.91% (阈值: 10.0%)
[2026-05-26 07:59:50] [折价告警] 广发睿阳(501070) 折价率: 10.26% (阈值: 10.0%)
[2026-05-26 07:59:50] [溢价告警] 财通福鑫定开混合(501046) 溢价率: 14.05% (阈值: 10.0%)
[2026-05-26 07:59:50] [溢价告警] 财通福享混合LOF(501026) 溢价率: 13.73% (阈值: 10.0%)
[2026-05-27 04:46:38] [溢价告警] 港美互联网LOF(160644) 溢价率: 24.40% (阈值: 10.0%)
[2026-05-27 04:46:38] [折价告警] 科创板长城(506008) 折价率: 14.45% (阈值: 10.0%)
[2026-05-27 04:46:39] [溢价告警] 全球芯片LOF(501225) 溢价率: 51.20% (阈值: 10.0%)
[2026-05-27 04:46:39] [折价告警] 广发睿阳(501070) 折价率: 10.61% (阈值: 10.0%)
[2026-05-27 04:46:40] [溢价告警] 财通福鑫定开混合(501046) 溢价率: 23.43% (阈值: 10.0%)
[2026-05-27 04:46:40] [溢价告警] 财通福享混合LOF(501026) 溢价率: 23.84% (阈值: 10.0%)
[2026-05-27 08:12:01] [溢价告警] 港美互联网LOF(160644) 溢价率: 23.00% (阈值: 10.0%)
[2026-05-27 08:12:02] [折价告警] 科创板长城(506008) 折价率: 15.60% (阈值: 10.0%)
[2026-05-27 08:12:02] [溢价告警] 全球芯片LOF(501225) 溢价率: 51.16% (阈值: 10.0%)
[2026-05-27 08:12:03] [折价告警] 嘉实瑞虹(501088) 折价率: 10.11% (阈值: 10.0%)
[2026-05-27 08:12:03] [折价告警] 广发睿阳(501070) 折价率: 10.31% (阈值: 10.0%)
[2026-05-27 08:12:04] [溢价告警] 财通福鑫定开混合(501046) 溢价率: 23.46% (阈值: 10.0%)
[2026-05-27 08:12:04] [溢价告警] 财通福享混合LOF(501026) 溢价率: 23.92% (阈值: 10.0%)
[2026-05-28 04:37:54] [溢价告警] 港美互联网LOF(160644) 溢价率: 15.22% (阈值: 10.0%)
[2026-05-28 04:37:54] [折价告警] 科创板长城(506008) 折价率: 12.61% (阈值: 10.0%)
[2026-05-28 04:37:54] [溢价告警] 全球芯片LOF(501225) 溢价率: 37.17% (阈值: 10.0%)
[2026-05-28 04:37:55] [溢价告警] 财通福享混合LOF(501026) 溢价率: 11.89% (阈值: 10.0%)
[2026-05-28 08:11:10] [溢价告警] 港美互联网LOF(160644) 溢价率: 13.42% (阈值: 10.0%)
[2026-05-28 08:11:10] [折价告警] 科创板长城(506008) 折价率: 11.95% (阈值: 10.0%)
[2026-05-28 08:11:11] [溢价告警] 全球芯片LOF(501225) 溢价率: 37.14% (阈值: 10.0%)
[2026-05-28 08:11:12] [溢价告警] 财通福鑫定开混合(501046) 溢价率: 18.43% (阈值: 10.0%)
[2026-05-28 08:11:13] [溢价告警] 财通福享混合LOF(501026) 溢价率: 11.89% (阈值: 10.0%)
[2026-05-29 04:40:44] [溢价告警] 鼎弘LOF(167003) 溢价率: 10.05% (阈值: 10.0%)
[2026-05-29 04:40:45] [溢价告警] 港美互联网LOF(160644) 溢价率: 11.28% (阈值: 10.0%)
[2026-05-29 04:40:45] [折价告警] 科创板长城(506008) 折价率: 15.22% (阈值: 10.0%)
[2026-05-29 04:40:46] [溢价告警] 全球芯片LOF(501225) 溢价率: 42.04% (阈值: 10.0%)
[2026-05-29 04:40:49] [溢价告警] 财通福鑫定开混合(501046) 溢价率: 18.07% (阈值: 10.0%)
[2026-05-29 08:08:42] [溢价告警] 鼎弘LOF(167003) 溢价率: 10.05% (阈值: 10.0%)
[2026-05-29 08:08:43] [折价告警] 科创板长城(506008) 折价率: 17.18% (阈值: 10.0%)
[2026-05-29 08:08:43] [折价告警] 万家科创板(506001) 折价率: 10.22% (阈值: 10.0%)
[2026-05-29 08:08:44] [溢价告警] 全球芯片LOF(501225) 溢价率: 41.82% (阈值: 10.0%)
[2026-05-29 08:08:46] [溢价告警] 财通福鑫定开混合(501046) 溢价率: 15.04% (阈值: 10.0%)
[2026-05-30 04:16:06] [溢价告警] 鼎弘LOF(167003) 溢价率: 10.55% (阈值: 10.0%)
[2026-05-30 04:16:07] [折价告警] 科创板长城(506008) 折价率: 13.03% (阈值: 10.0%)
[2026-05-30 04:16:08] [溢价告警] 全球芯片LOF(501225) 溢价率: 41.44% (阈值: 10.0%)
[2026-05-30 04:16:11] [溢价告警] 财通福鑫定开混合(501046) 溢价率: 17.76% (阈值: 10.0%)
[2026-05-30 07:17:40] [溢价告警] 鼎弘LOF(167003) 溢价率: 10.55% (阈值: 10.0%)
[2026-05-30 07:17:41] [折价告警] 科创板长城(506008) 折价率: 13.03% (阈值: 10.0%)
[2026-05-30 07:17:42] [溢价告警] 全球芯片LOF(501225) 溢价率: 41.44% (阈值: 10.0%)
[2026-05-30 07:17:43] [溢价告警] 财通福鑫定开混合(501046) 溢价率: 17.76% (阈值: 10.0%)
[2026-05-31 04:49:05] [溢价告警] 鼎弘LOF(167003) 溢价率: 10.55% (阈值: 10.0%)
[2026-05-31 04:49:05] [折价告警] 科创板长城(506008) 折价率: 13.03% (阈值: 10.0%)
[2026-05-31 04:49:06] [溢价告警] 全球芯片LOF(501225) 溢价率: 41.44% (阈值: 10.0%)
[2026-05-31 04:49:08] [溢价告警] 财通福鑫定开混合(501046) 溢价率: 17.76% (阈值: 10.0%)
[2026-05-31 07:51:54] [溢价告警] 鼎弘LOF(167003) 溢价率: 10.55% (阈值: 10.0%)
[2026-05-31 07:51:55] [折价告警] 科创板长城(506008) 折价率: 13.03% (阈值: 10.0%)
[2026-05-31 07:51:55] [溢价告警] 全球芯片LOF(501225) 溢价率: 41.44% (阈值: 10.0%)
[2026-05-31 07:51:58] [溢价告警] 财通福鑫定开混合(501046) 溢价率: 17.76% (阈值: 10.0%)
[2026-06-01 05:14:43] [折价告警] 科创板长城(506008) 折价率: 14.78% (阈值: 10.0%)
[2026-06-01 05:14:43] [溢价告警] 全球芯片LOF(501225) 溢价率: 38.46% (阈值: 10.0%)
[2026-06-01 05:14:45] [溢价告警] 财通福鑫定开混合(501046) 溢价率: 11.72% (阈值: 10.0%)
[2026-06-01 09:34:44] [溢价告警] 港美互联网LOF(160644) 溢价率: 13.86% (阈值: 10.0%)
[2026-06-01 09:34:52] [折价告警] 科创板长城(506008) 折价率: 16.69% (阈值: 10.0%)
[2026-06-01 09:34:53] [溢价告警] 全球芯片LOF(501225) 溢价率: 38.40% (阈值: 10.0%)
[2026-06-02 04:59:47] [溢价告警] 港美互联网LOF(160644) 溢价率: 16.10% (阈值: 10.0%)
[2026-06-02 04:59:48] [折价告警] 科创板长城(506008) 折价率: 12.44% (阈值: 10.0%)
[2026-06-02 04:59:48] [溢价告警] 全球芯片LOF(501225) 溢价率: 34.06% (阈值: 10.0%)
[2026-06-02 04:59:50] [溢价告警] 财通福鑫定开混合(501046) 溢价率: 20.98% (阈值: 10.0%)
[2026-06-02 04:59:51] [溢价告警] 南方原油LOF(501018) 溢价率: 12.92% (阈值: 10.0%)
[2026-06-02 08:45:34] [溢价告警] 港美互联网LOF(160644) 溢价率: 15.86% (阈值: 10.0%)
[2026-06-02 08:45:36] [折价告警] 科创板长城(506008) 折价率: 12.44% (阈值: 10.0%)
[2026-06-02 08:45:38] [溢价告警] 全球芯片LOF(501225) 溢价率: 34.15% (阈值: 10.0%)
[2026-06-02 08:45:45] [溢价告警] 财通福鑫定开混合(501046) 溢价率: 24.47% (阈值: 10.0%)
[2026-06-02 08:45:47] [溢价告警] 南方原油LOF(501018) 溢价率: 11.91% (阈值: 10.0%)
[2026-06-03 05:14:10] [溢价告警] 港美互联网LOF(160644) 溢价率: 14.35% (阈值: 10.0%)
[2026-06-03 05:14:12] [折价告警] 科创板长城(506008) 折价率: 11.71% (阈值: 10.0%)
[2026-06-03 05:14:14] [溢价告警] 全球芯片LOF(501225) 溢价率: 41.55% (阈值: 10.0%)
[2026-06-03 05:14:18] [溢价告警] 财通福鑫定开混合(501046) 溢价率: 27.96% (阈值: 10.0%)
[2026-06-03 09:02:48] [溢价告警] 港美互联网LOF(160644) 溢价率: 10.94% (阈值: 10.0%)
[2026-06-03 09:02:51] [折价告警] 科创板长城(506008) 折价率: 12.88% (阈值: 10.0%)
[2026-06-03 09:02:52] [溢价告警] 全球芯片LOF(501225) 溢价率: 41.52% (阈值: 10.0%)
[2026-06-03 09:02:53] [溢价告警] 财通福鑫定开混合(501046) 溢价率: 29.84% (阈值: 10.0%)
[2026-06-04 05:03:33] [折价告警] 科创板长城(506008) 折价率: 14.64% (阈值: 10.0%)
[2026-06-04 05:03:33] [溢价告警] 全球芯片LOF(501225) 溢价率: 32.41% (阈值: 10.0%)
[2026-06-04 05:03:36] [折价告警] 嘉实瑞虹(501088) 折价率: 10.03% (阈值: 10.0%)
[2026-06-04 05:03:37] [溢价告警] 财通福鑫定开混合(501046) 溢价率: 36.57% (阈值: 10.0%)
[2026-06-04 08:33:51] [折价告警] 科创板长城(506008) 折价率: 14.49% (阈值: 10.0%)
[2026-06-04 08:33:53] [溢价告警] 全球芯片LOF(501225) 溢价率: 32.41% (阈值: 10.0%)
[2026-06-04 08:33:58] [溢价告警] 财通福鑫定开混合(501046) 溢价率: 36.48% (阈值: 10.0%)
[2026-06-05 04:45:11] [折价告警] 科创板长城(506008) 折价率: 15.36% (阈值: 10.0%)
[2026-06-05 04:45:11] [溢价告警] 全球芯片LOF(501225) 溢价率: 24.56% (阈值: 10.0%)
[2026-06-05 04:45:14] [溢价告警] 平安新兴产业LOF(501099) 溢价率: 17.77% (阈值: 10.0%)
[2026-06-05 04:45:14] [溢价告警] 财通福鑫定开混合(501046) 溢价率: 45.08% (阈值: 10.0%)
[2026-06-05 08:15:23] [折价告警] 科创板长城(506008) 折价率: 17.20% (阈值: 10.0%)
[2026-06-05 08:15:23] [溢价告警] 全球芯片LOF(501225) 溢价率: 25.00% (阈值: 10.0%)
[2026-06-05 08:15:25] [溢价告警] 平安新兴产业LOF(501099) 溢价率: 17.77% (阈值: 10.0%)
[2026-06-05 08:15:27] [溢价告警] 财通福鑫定开混合(501046) 溢价率: 45.11% (阈值: 10.0%)
[2026-06-06 04:19:03] [折价告警] 科创板长城(506008) 折价率: 14.08% (阈值: 10.0%)
[2026-06-06 04:19:03] [溢价告警] 全球芯片LOF(501225) 溢价率: 26.19% (阈值: 10.0%)
[2026-06-06 04:19:06] [溢价告警] 平安新兴产业LOF(501099) 溢价率: 23.08% (阈值: 10.0%)
[2026-06-06 04:19:09] [溢价告警] 财通福鑫定开混合(501046) 溢价率: 51.35% (阈值: 10.0%)
[2026-06-06 07:24:56] [折价告警] 科创板长城(506008) 折价率: 14.08% (阈值: 10.0%)
[2026-06-06 07:24:57] [溢价告警] 全球芯片LOF(501225) 溢价率: 26.19% (阈值: 10.0%)
[2026-06-06 07:24:58] [溢价告警] 平安新兴产业LOF(501099) 溢价率: 23.08% (阈值: 10.0%)
[2026-06-06 07:24:58] [溢价告警] 财通福鑫定开混合(501046) 溢价率: 51.35% (阈值: 10.0%)
[2026-06-07 04:55:31] [折价告警] 科创板长城(506008) 折价率: 14.08% (阈值: 10.0%)
[2026-06-07 04:55:32] [溢价告警] 全球芯片LOF(501225) 溢价率: 26.19% (阈值: 10.0%)
[2026-06-07 04:55:35] [溢价告警] 平安新兴产业LOF(501099) 溢价率: 23.08% (阈值: 10.0%)
[2026-06-07 04:55:36] [溢价告警] 财通福鑫定开混合(501046) 溢价率: 51.35% (阈值: 10.0%)
[2026-06-07 08:00:45] [折价告警] 科创板长城(506008) 折价率: 14.08% (阈值: 10.0%)
[2026-06-07 08:00:45] [溢价告警] 全球芯片LOF(501225) 溢价率: 26.19% (阈值: 10.0%)
[2026-06-07 08:00:46] [溢价告警] 平安新兴产业LOF(501099) 溢价率: 23.08% (阈值: 10.0%)
[2026-06-07 08:00:47] [溢价告警] 财通福鑫定开混合(501046) 溢价率: 51.35% (阈值: 10.0%)
[2026-06-08 05:00:28] [折价告警] 科创板长城(506008) 折价率: 16.30% (阈值: 10.0%)
[2026-06-08 05:00:28] [溢价告警] 全球芯片LOF(501225) 溢价率: 20.49% (阈值: 10.0%)
[2026-06-08 05:00:30] [溢价告警] 平安新兴产业LOF(501099) 溢价率: 10.77% (阈值: 10.0%)
[2026-06-08 05:00:31] [溢价告警] 财通福鑫定开混合(501046) 溢价率: 51.35% (阈值: 10.0%)
[2026-06-08 09:02:14] [溢价告警] 原油LOF易方达(161129) 溢价率: 14.79% (阈值: 10.0%)
[2026-06-08 09:02:15] [溢价告警] 嘉实原油LOF(160723) 溢价率: 13.82% (阈值: 10.0%)
[2026-06-08 09:02:17] [折价告警] 科创板长城(506008) 折价率: 17.41% (阈值: 10.0%)
[2026-06-08 09:02:18] [溢价告警] 全球芯片LOF(501225) 溢价率: 28.00% (阈值: 10.0%)
[2026-06-08 09:02:20] [溢价告警] 平安新兴产业LOF(501099) 溢价率: 10.77% (阈值: 10.0%)
[2026-06-08 09:02:22] [溢价告警] 财通福鑫定开混合(501046) 溢价率: 51.35% (阈值: 10.0%)
[2026-06-08 09:02:23] [溢价告警] 南方原油LOF(501018) 溢价率: 15.90% (阈值: 10.0%)
[2026-06-09 04:22:36] [折价告警] 科创板长城(506008) 折价率: 12.95% (阈值: 10.0%)
[2026-06-09 04:22:37] [溢价告警] 全球芯片LOF(501225) 溢价率: 44.05% (阈值: 10.0%)
[2026-06-09 04:22:41] [溢价告警] 财通福鑫定开混合(501046) 溢价率: 36.38% (阈值: 10.0%)
[2026-06-09 08:00:25] [溢价告警] 港美互联网LOF(160644) 溢价率: 11.25% (阈值: 10.0%)
[2026-06-09 08:00:25] [折价告警] 科创板长城(506008) 折价率: 11.72% (阈值: 10.0%)
[2026-06-09 08:00:26] [溢价告警] 全球芯片LOF(501225) 溢价率: 44.09% (阈值: 10.0%)
[2026-06-09 08:00:27] [溢价告警] 财通福鑫定开混合(501046) 溢价率: 36.38% (阈值: 10.0%)
[2026-06-10 04:45:30] [溢价告警] 嘉实原油LOF(160723) 溢价率: 10.82% (阈值: 10.0%)
[2026-06-10 04:45:30] [折价告警] 科创板长城(506008) 折价率: 15.30% (阈值: 10.0%)
[2026-06-10 04:45:31] [溢价告警] 全球芯片LOF(501225) 溢价率: 33.29% (阈值: 10.0%)
[2026-06-10 04:45:32] [溢价告警] 财通福鑫定开混合(501046) 溢价率: 13.33% (阈值: 10.0%)
[2026-06-10 04:45:33] [溢价告警] 南方原油LOF(501018) 溢价率: 14.16% (阈值: 10.0%)
[2026-06-10 08:16:56] [折价告警] 科创板长城(506008) 折价率: 14.91% (阈值: 10.0%)
[2026-06-10 08:16:57] [溢价告警] 全球芯片LOF(501225) 溢价率: 33.32% (阈值: 10.0%)
[2026-06-10 08:16:57] [溢价告警] 财通福鑫定开混合(501046) 溢价率: 13.33% (阈值: 10.0%)
[2026-06-11 04:57:56] [溢价告警] 原油LOF易方达(161129) 溢价率: 14.97% (阈值: 10.0%)
[2026-06-11 04:57:56] [溢价告警] 嘉实原油LOF(160723) 溢价率: 14.55% (阈值: 10.0%)
[2026-06-11 04:57:56] [折价告警] 科创板长城(506008) 折价率: 15.40% (阈值: 10.0%)
[2026-06-11 04:57:56] [溢价告警] 全球芯片LOF(501225) 溢价率: 29.64% (阈值: 10.0%)
[2026-06-11 04:57:57] [溢价告警] 财通福鑫定开混合(501046) 溢价率: 23.61% (阈值: 10.0%)
[2026-06-11 04:57:57] [溢价告警] 南方原油LOF(501018) 溢价率: 18.02% (阈值: 10.0%)
[2026-06-11 08:54:05] [溢价告警] 原油LOF易方达(161129) 溢价率: 10.47% (阈值: 10.0%)
[2026-06-11 08:54:10] [溢价告警] 嘉实原油LOF(160723) 溢价率: 11.96% (阈值: 10.0%)
[2026-06-11 08:54:21] [折价告警] 科创板长城(506008) 折价率: 14.15% (阈值: 10.0%)
[2026-06-11 08:54:24] [溢价告警] 全球芯片LOF(501225) 溢价率: 38.95% (阈值: 10.0%)
[2026-06-11 08:54:32] [溢价告警] 财通福鑫定开混合(501046) 溢价率: 27.32% (阈值: 10.0%)
[2026-06-11 08:54:42] [溢价告警] 南方原油LOF(501018) 溢价率: 15.89% (阈值: 10.0%)
[2026-06-12 05:00:21] [溢价告警] 港美互联网LOF(160644) 溢价率: 10.96% (阈值: 10.0%)
[2026-06-12 05:00:21] [折价告警] 科创板长城(506008) 折价率: 14.17% (阈值: 10.0%)
[2026-06-12 05:00:21] [溢价告警] 全球芯片LOF(501225) 溢价率: 43.87% (阈值: 10.0%)
[2026-06-12 05:00:22] [溢价告警] 财通福鑫定开混合(501046) 溢价率: 33.89% (阈值: 10.0%)
[2026-06-12 05:00:23] [溢价告警] 南方原油LOF(501018) 溢价率: 10.71% (阈值: 10.0%)
[2026-06-12 08:40:48] [折价告警] 科创板长城(506008) 折价率: 14.71% (阈值: 10.0%)
[2026-06-12 08:40:49] [溢价告警] 全球芯片LOF(501225) 溢价率: 43.97% (阈值: 10.0%)
[2026-06-12 08:40:54] [溢价告警] 财通福鑫定开混合(501046) 溢价率: 34.57% (阈值: 10.0%)
[2026-06-12 08:40:55] [溢价告警] 南方原油LOF(501018) 溢价率: 11.75% (阈值: 10.0%)
[2026-06-13 04:48:34] [折价告警] 科创板长城(506008) 折价率: 14.22% (阈值: 10.0%)
[2026-06-13 04:48:34] [溢价告警] 全球芯片LOF(501225) 溢价率: 36.02% (阈值: 10.0%)
[2026-06-13 04:48:35] [溢价告警] 财通福鑫定开混合(501046) 溢价率: 33.09% (阈值: 10.0%)
[2026-06-13 04:48:36] [溢价告警] 南方原油LOF(501018) 溢价率: 12.72% (阈值: 10.0%)
[2026-06-13 07:55:50] [折价告警] 科创板长城(506008) 折价率: 14.22% (阈值: 10.0%)
[2026-06-13 07:55:50] [溢价告警] 全球芯片LOF(501225) 溢价率: 36.02% (阈值: 10.0%)
[2026-06-13 07:55:54] [溢价告警] 财通福鑫定开混合(501046) 溢价率: 33.09% (阈值: 10.0%)
[2026-06-13 07:55:59] [溢价告警] 南方原油LOF(501018) 溢价率: 12.72% (阈值: 10.0%)
[2026-06-14 05:04:46] [折价告警] 科创板长城(506008) 折价率: 14.22% (阈值: 10.0%)
[2026-06-14 05:04:47] [溢价告警] 全球芯片LOF(501225) 溢价率: 36.02% (阈值: 10.0%)
[2026-06-14 05:04:47] [溢价告警] 财通福鑫定开混合(501046) 溢价率: 33.09% (阈值: 10.0%)
[2026-06-14 05:04:48] [溢价告警] 南方原油LOF(501018) 溢价率: 12.72% (阈值: 10.0%)
[2026-06-14 08:21:29] [折价告警] 科创板长城(506008) 折价率: 14.22% (阈值: 10.0%)
[2026-06-14 08:21:29] [溢价告警] 全球芯片LOF(501225) 溢价率: 36.02% (阈值: 10.0%)
[2026-06-14 08:21:30] [溢价告警] 财通福鑫定开混合(501046) 溢价率: 33.09% (阈值: 10.0%)
[2026-06-14 08:21:30] [溢价告警] 南方原油LOF(501018) 溢价率: 12.72% (阈值: 10.0%)
[2026-06-15 05:26:50] [溢价告警] 国投白银LOF(161226) 溢价率: 14.93% (阈值: 10.0%)
[2026-06-15 05:26:50] [折价告警] 科创板长城(506008) 折价率: 12.20% (阈值: 10.0%)
[2026-06-15 05:26:51] [溢价告警] 全球芯片LOF(501225) 溢价率: 41.94% (阈值: 10.0%)
[2026-06-15 05:26:52] [溢价告警] 财通福鑫定开混合(501046) 溢价率: 38.04% (阈值: 10.0%)
[2026-06-15 10:32:00] [溢价告警] 国投白银LOF(161226) 溢价率: 16.96% (阈值: 10.0%)
[2026-06-15 10:32:03] [折价告警] 科创板长城(506008) 折价率: 11.34% (阈值: 10.0%)
[2026-06-15 10:32:03] [溢价告警] 全球芯片LOF(501225) 溢价率: 41.72% (阈值: 10.0%)
[2026-06-15 10:32:12] [溢价告警] 财通福鑫定开混合(501046) 溢价率: 38.07% (阈值: 10.0%)
[2026-06-16 05:29:43] [溢价告警] 国投白银LOF(161226) 溢价率: 10.00% (阈值: 10.0%)
[2026-06-16 05:29:44] [折价告警] 科创板长城(506008) 折价率: 15.10% (阈值: 10.0%)
[2026-06-16 05:29:44] [溢价告警] 全球芯片LOF(501225) 溢价率: 37.72% (阈值: 10.0%)
[2026-06-16 05:29:46] [溢价告警] 财通福鑫定开混合(501046) 溢价率: 33.88% (阈值: 10.0%)
[2026-06-16 09:34:28] [溢价告警] 景顺资源LOF(162607) 溢价率: 12.14% (阈值: 10.0%)
[2026-06-16 09:34:39] [折价告警] 科创板长城(506008) 折价率: 15.18% (阈值: 10.0%)
[2026-06-16 09:34:41] [溢价告警] 全球芯片LOF(501225) 溢价率: 37.78% (阈值: 10.0%)
[2026-06-16 09:34:46] [溢价告警] 财通福鑫定开混合(501046) 溢价率: 33.64% (阈值: 10.0%)
[2026-06-17 05:14:12] [溢价告警] 景顺资源LOF(162607) 溢价率: 10.86% (阈值: 10.0%)
[2026-06-17 05:14:12] [折价告警] 科创板长城(506008) 折价率: 14.19% (阈值: 10.0%)
[2026-06-17 05:14:12] [溢价告警] 全球芯片LOF(501225) 溢价率: 31.84% (阈值: 10.0%)
[2026-06-17 05:14:13] [溢价告警] 财通科创LOF(501085) 溢价率: 10.60% (阈值: 10.0%)
[2026-06-17 05:14:13] [溢价告警] 财通福鑫定开混合(501046) 溢价率: 42.12% (阈值: 10.0%)
[2026-06-17 05:14:14] [溢价告警] 财通福瑞混合LOF(501028) 溢价率: 11.54% (阈值: 10.0%)
[2026-06-17 05:14:14] [溢价告警] 财通福享混合LOF(501026) 溢价率: 13.78% (阈值: 10.0%)
[2026-06-17 05:14:14] [溢价告警] 财通升级混合LOF(501015) 溢价率: 13.07% (阈值: 10.0%)
[2026-06-17 05:14:15] [溢价告警] 财通精选混合LOF(501001) 溢价率: 10.56% (阈值: 10.0%)
[2026-06-17 09:09:24] [溢价告警] 景顺资源LOF(162607) 溢价率: 12.11% (阈值: 10.0%)
[2026-06-17 09:09:29] [折价告警] 科创板长城(506008) 折价率: 12.56% (阈值: 10.0%)
[2026-06-17 09:09:30] [溢价告警] 全球芯片LOF(501225) 溢价率: 31.75% (阈值: 10.0%)
[2026-06-17 09:09:36] [溢价告警] 财通科创LOF(501085) 溢价率: 12.24% (阈值: 10.0%)
[2026-06-17 09:09:37] [溢价告警] 财通福鑫定开混合(501046) 溢价率: 42.12% (阈值: 10.0%)
[2026-06-17 09:09:38] [溢价告警] 财通福瑞混合LOF(501028) 溢价率: 11.54% (阈值: 10.0%)
[2026-06-17 09:09:39] [溢价告警] 财通福享混合LOF(501026) 溢价率: 13.88% (阈值: 10.0%)
[2026-06-17 09:09:42] [溢价告警] 财通升级混合LOF(501015) 溢价率: 13.07% (阈值: 10.0%)
[2026-06-17 09:09:43] [溢价告警] 财通精选混合LOF(501001) 溢价率: 10.56% (阈值: 10.0%)
[2026-06-18 04:59:55] [折价告警] 科创板长城(506008) 折价率: 12.94% (阈值: 10.0%)
[2026-06-18 04:59:56] [溢价告警] 全球芯片LOF(501225) 溢价率: 36.14% (阈值: 10.0%)
[2026-06-18 04:59:57] [溢价告警] 科创建信LOF(501098) 溢价率: 10.97% (阈值: 10.0%)
[2026-06-18 04:59:57] [溢价告警] 财通科创LOF(501085) 溢价率: 16.76% (阈值: 10.0%)
[2026-06-18 04:59:57] [溢价告警] 财通福鑫定开混合(501046) 溢价率: 36.97% (阈值: 10.0%)
[2026-06-18 04:59:57] [溢价告警] 财通福盛混合LOF(501032) 溢价率: 17.34% (阈值: 10.0%)
[2026-06-18 04:59:58] [溢价告警] 财通福瑞混合LOF(501028) 溢价率: 22.99% (阈值: 10.0%)
[2026-06-18 04:59:58] [溢价告警] 财通福享混合LOF(501026) 溢价率: 22.28% (阈值: 10.0%)
[2026-06-18 04:59:58] [溢价告警] 南方原油LOF(501018) 溢价率: 11.67% (阈值: 10.0%)
[2026-06-18 04:59:59] [溢价告警] 财通升级混合LOF(501015) 溢价率: 17.38% (阈值: 10.0%)
[2026-06-18 05:00:00] [溢价告警] 财通精选混合LOF(501001) 溢价率: 22.09% (阈值: 10.0%)
[2026-06-18 08:54:51] [折价告警] 科创板长城(506008) 折价率: 12.30% (阈值: 10.0%)
[2026-06-18 08:54:55] [溢价告警] 全球芯片LOF(501225) 溢价率: 36.26% (阈值: 10.0%)
[2026-06-18 08:54:59] [溢价告警] 科创建信LOF(501098) 溢价率: 13.00% (阈值: 10.0%)
[2026-06-18 08:55:00] [溢价告警] 科创国寿LOF(501097) 溢价率: 12.64% (阈值: 10.0%)
[2026-06-18 08:55:01] [溢价告警] 财通科创LOF(501085) 溢价率: 13.86% (阈值: 10.0%)
[2026-06-18 08:55:02] [溢价告警] 财通福鑫定开混合(501046) 溢价率: 36.97% (阈值: 10.0%)
[2026-06-18 08:55:04] [溢价告警] 财通福盛混合LOF(501032) 溢价率: 17.34% (阈值: 10.0%)
[2026-06-18 08:55:05] [溢价告警] 财通福瑞混合LOF(501028) 溢价率: 22.99% (阈值: 10.0%)
[2026-06-18 08:55:06] [溢价告警] 财通福享混合LOF(501026) 溢价率: 17.13% (阈值: 10.0%)
[2026-06-18 08:55:08] [溢价告警] 南方原油LOF(501018) 溢价率: 11.11% (阈值: 10.0%)
[2026-06-18 08:55:09] [溢价告警] 财通升级混合LOF(501015) 溢价率: 19.28% (阈值: 10.0%)
[2026-06-18 08:55:09] [溢价告警] 财通精选混合LOF(501001) 溢价率: 22.09% (阈值: 10.0%)
[2026-06-19 05:22:43] [折价告警] 科创板长城(506008) 折价率: 14.96% (阈值: 10.0%)
[2026-06-19 05:22:43] [溢价告警] 全球芯片LOF(501225) 溢价率: 33.57% (阈值: 10.0%)
[2026-06-19 05:22:44] [溢价告警] 科创建信LOF(501098) 溢价率: 10.40% (阈值: 10.0%)
[2026-06-19 05:22:45] [溢价告警] 科创国寿LOF(501097) 溢价率: 10.65% (阈值: 10.0%)
[2026-06-19 05:22:45] [溢价告警] 财通科创LOF(501085) 溢价率: 11.34% (阈值: 10.0%)
[2026-06-19 05:22:45] [折价告警] 广发睿阳(501070) 折价率: 11.94% (阈值: 10.0%)
[2026-06-19 05:22:46] [溢价告警] 财通福鑫定开混合(501046) 溢价率: 32.48% (阈值: 10.0%)
[2026-06-19 05:22:46] [溢价告警] 财通福盛混合LOF(501032) 溢价率: 14.40% (阈值: 10.0%)
[2026-06-19 05:22:46] [溢价告警] 财通福瑞混合LOF(501028) 溢价率: 23.85% (阈值: 10.0%)
[2026-06-19 05:22:47] [溢价告警] 财通福享混合LOF(501026) 溢价率: 13.17% (阈值: 10.0%)
[2026-06-19 05:22:47] [溢价告警] 南方原油LOF(501018) 溢价率: 12.05% (阈值: 10.0%)
[2026-06-19 05:22:47] [溢价告警] 财通升级混合LOF(501015) 溢价率: 16.42% (阈值: 10.0%)
[2026-06-19 05:22:48] [溢价告警] 财通精选混合LOF(501001) 溢价率: 22.96% (阈值: 10.0%)
[2026-06-19 09:12:21] [折价告警] 科创板长城(506008) 折价率: 14.96% (阈值: 10.0%)
[2026-06-19 09:12:22] [溢价告警] 全球芯片LOF(501225) 溢价率: 33.57% (阈值: 10.0%)
[2026-06-19 09:12:22] [溢价告警] 科创建信LOF(501098) 溢价率: 10.40% (阈值: 10.0%)
[2026-06-19 09:12:23] [溢价告警] 科创国寿LOF(501097) 溢价率: 10.65% (阈值: 10.0%)
[2026-06-19 09:12:23] [溢价告警] 财通科创LOF(501085) 溢价率: 11.34% (阈值: 10.0%)
[2026-06-19 09:12:24] [折价告警] 广发睿阳(501070) 折价率: 11.94% (阈值: 10.0%)
[2026-06-19 09:12:24] [溢价告警] 财通福鑫定开混合(501046) 溢价率: 32.48% (阈值: 10.0%)
[2026-06-19 09:12:25] [溢价告警] 财通福盛混合LOF(501032) 溢价率: 14.40% (阈值: 10.0%)
[2026-06-19 09:12:26] [溢价告警] 财通福瑞混合LOF(501028) 溢价率: 23.85% (阈值: 10.0%)
[2026-06-19 09:12:26] [溢价告警] 财通福享混合LOF(501026) 溢价率: 13.17% (阈值: 10.0%)
[2026-06-19 09:12:28] [溢价告警] 南方原油LOF(501018) 溢价率: 12.05% (阈值: 10.0%)
[2026-06-19 09:12:29] [溢价告警] 财通升级混合LOF(501015) 溢价率: 16.42% (阈值: 10.0%)
[2026-06-19 09:12:30] [溢价告警] 财通精选混合LOF(501001) 溢价率: 22.96% (阈值: 10.0%)
[2026-06-20 04:39:35] [折价告警] 科创板长城(506008) 折价率: 14.96% (阈值: 10.0%)
[2026-06-20 04:39:38] [溢价告警] 全球芯片LOF(501225) 溢价率: 33.57% (阈值: 10.0%)
[2026-06-20 04:39:41] [溢价告警] 科创建信LOF(501098) 溢价率: 10.40% (阈值: 10.0%)
[2026-06-20 04:39:42] [溢价告警] 科创国寿LOF(501097) 溢价率: 10.65% (阈值: 10.0%)
[2026-06-20 04:39:42] [溢价告警] 财通科创LOF(501085) 溢价率: 11.34% (阈值: 10.0%)
[2026-06-20 04:39:44] [折价告警] 广发睿阳(501070) 折价率: 11.94% (阈值: 10.0%)
[2026-06-20 04:39:44] [溢价告警] 财通福鑫定开混合(501046) 溢价率: 32.48% (阈值: 10.0%)
[2026-06-20 04:39:46] [溢价告警] 财通福盛混合LOF(501032) 溢价率: 14.40% (阈值: 10.0%)
[2026-06-20 04:39:47] [溢价告警] 财通福瑞混合LOF(501028) 溢价率: 23.85% (阈值: 10.0%)
[2026-06-20 04:39:47] [溢价告警] 财通福享混合LOF(501026) 溢价率: 13.17% (阈值: 10.0%)
[2026-06-20 04:39:48] [溢价告警] 南方原油LOF(501018) 溢价率: 12.05% (阈值: 10.0%)
[2026-06-20 04:39:49] [溢价告警] 财通升级混合LOF(501015) 溢价率: 16.42% (阈值: 10.0%)
[2026-06-20 04:39:50] [溢价告警] 财通精选混合LOF(501001) 溢价率: 22.96% (阈值: 10.0%)
[2026-06-20 07:57:16] [折价告警] 科创板长城(506008) 折价率: 14.96% (阈值: 10.0%)
[2026-06-20 07:57:17] [溢价告警] 全球芯片LOF(501225) 溢价率: 33.57% (阈值: 10.0%)
[2026-06-20 07:57:19] [溢价告警] 科创建信LOF(501098) 溢价率: 10.40% (阈值: 10.0%)
[2026-06-20 07:57:20] [溢价告警] 科创国寿LOF(501097) 溢价率: 10.65% (阈值: 10.0%)
[2026-06-20 07:57:21] [溢价告警] 财通科创LOF(501085) 溢价率: 11.34% (阈值: 10.0%)
[2026-06-20 07:57:21] [折价告警] 广发睿阳(501070) 折价率: 11.94% (阈值: 10.0%)
[2026-06-20 07:57:22] [溢价告警] 财通福鑫定开混合(501046) 溢价率: 32.48% (阈值: 10.0%)
[2026-06-20 07:57:22] [溢价告警] 财通福盛混合LOF(501032) 溢价率: 14.40% (阈值: 10.0%)
[2026-06-20 07:57:24] [溢价告警] 财通福瑞混合LOF(501028) 溢价率: 23.85% (阈值: 10.0%)
[2026-06-20 07:57:25] [溢价告警] 财通福享混合LOF(501026) 溢价率: 13.17% (阈值: 10.0%)
[2026-06-20 07:57:27] [溢价告警] 南方原油LOF(501018) 溢价率: 12.05% (阈值: 10.0%)
[2026-06-20 07:57:28] [溢价告警] 财通升级混合LOF(501015) 溢价率: 16.42% (阈值: 10.0%)
[2026-06-20 07:57:29] [溢价告警] 财通精选混合LOF(501001) 溢价率: 22.96% (阈值: 10.0%)
[2026-06-21 05:17:12] [折价告警] 科创板长城(506008) 折价率: 14.96% (阈值: 10.0%)
[2026-06-21 05:17:13] [溢价告警] 全球芯片LOF(501225) 溢价率: 33.57% (阈值: 10.0%)
[2026-06-21 05:17:14] [溢价告警] 科创建信LOF(501098) 溢价率: 10.40% (阈值: 10.0%)
[2026-06-21 05:17:14] [溢价告警] 科创国寿LOF(501097) 溢价率: 10.65% (阈值: 10.0%)
[2026-06-21 05:17:15] [溢价告警] 财通科创LOF(501085) 溢价率: 11.34% (阈值: 10.0%)
[2026-06-21 05:17:15] [折价告警] 广发睿阳(501070) 折价率: 11.94% (阈值: 10.0%)
[2026-06-21 05:17:16] [溢价告警] 财通福鑫定开混合(501046) 溢价率: 32.48% (阈值: 10.0%)
[2026-06-21 05:17:16] [溢价告警] 财通福盛混合LOF(501032) 溢价率: 14.40% (阈值: 10.0%)
[2026-06-21 05:17:16] [溢价告警] 财通福瑞混合LOF(501028) 溢价率: 23.85% (阈值: 10.0%)
[2026-06-21 05:17:17] [溢价告警] 财通福享混合LOF(501026) 溢价率: 13.17% (阈值: 10.0%)
[2026-06-21 05:17:17] [溢价告警] 南方原油LOF(501018) 溢价率: 12.05% (阈值: 10.0%)
[2026-06-21 05:17:18] [溢价告警] 财通升级混合LOF(501015) 溢价率: 16.42% (阈值: 10.0%)
[2026-06-21 05:17:18] [溢价告警] 财通精选混合LOF(501001) 溢价率: 22.96% (阈值: 10.0%)
[2026-06-21 08:40:36] [折价告警] 科创板长城(506008) 折价率: 14.96% (阈值: 10.0%)
[2026-06-21 08:40:37] [溢价告警] 全球芯片LOF(501225) 溢价率: 33.57% (阈值: 10.0%)
[2026-06-21 08:40:37] [溢价告警] 科创建信LOF(501098) 溢价率: 10.40% (阈值: 10.0%)
[2026-06-21 08:40:38] [溢价告警] 科创国寿LOF(501097) 溢价率: 10.65% (阈值: 10.0%)
[2026-06-21 08:40:38] [溢价告警] 财通科创LOF(501085) 溢价率: 11.34% (阈值: 10.0%)
[2026-06-21 08:40:38] [折价告警] 广发睿阳(501070) 折价率: 11.94% (阈值: 10.0%)
[2026-06-21 08:40:39] [溢价告警] 财通福鑫定开混合(501046) 溢价率: 32.48% (阈值: 10.0%)
[2026-06-21 08:40:39] [溢价告警] 财通福盛混合LOF(501032) 溢价率: 14.40% (阈值: 10.0%)
[2026-06-21 08:40:39] [溢价告警] 财通福瑞混合LOF(501028) 溢价率: 23.85% (阈值: 10.0%)
[2026-06-21 08:40:39] [溢价告警] 财通福享混合LOF(501026) 溢价率: 13.17% (阈值: 10.0%)
[2026-06-21 08:40:41] [溢价告警] 南方原油LOF(501018) 溢价率: 12.05% (阈值: 10.0%)
[2026-06-21 08:40:42] [溢价告警] 财通升级混合LOF(501015) 溢价率: 16.42% (阈值: 10.0%)
[2026-06-21 08:40:44] [溢价告警] 财通精选混合LOF(501001) 溢价率: 22.96% (阈值: 10.0%)
[2026-06-22 05:28:38] [折价告警] 科创板长城(506008) 折价率: 15.44% (阈值: 10.0%)
[2026-06-22 05:28:40] [溢价告警] 全球芯片LOF(501225) 溢价率: 31.55% (阈值: 10.0%)
[2026-06-22 05:28:42] [溢价告警] 国联安科创LOF(501096) 溢价率: 13.37% (阈值: 10.0%)
[2026-06-22 05:28:43] [折价告警] 广发睿阳(501070) 折价率: 11.28% (阈值: 10.0%)
[2026-06-22 05:28:44] [溢价告警] 财通福鑫定开混合(501046) 溢价率: 42.30% (阈值: 10.0%)
[2026-06-22 05:28:45] [溢价告警] 财通福瑞混合LOF(501028) 溢价率: 11.49% (阈值: 10.0%)
[2026-06-22 05:28:47] [溢价告警] 南方原油LOF(501018) 溢价率: 12.75% (阈值: 10.0%)
[2026-06-22 05:28:48] [溢价告警] 财通升级混合LOF(501015) 溢价率: 12.25% (阈值: 10.0%)
[2026-06-22 05:28:50] [溢价告警] 财通精选混合LOF(501001) 溢价率: 10.68% (阈值: 10.0%)
[2026-06-22 09:54:20] [折价告警] 科创板长城(506008) 折价率: 13.44% (阈值: 10.0%)
[2026-06-22 09:54:22] [溢价告警] 全球芯片LOF(501225) 溢价率: 31.47% (阈值: 10.0%)
[2026-06-22 09:54:28] [溢价告警] 国联安科创LOF(501096) 溢价率: 14.62% (阈值: 10.0%)
[2026-06-22 09:54:29] [溢价告警] 华安智联LOF(501073) 溢价率: 10.28% (阈值: 10.0%)
[2026-06-22 09:54:30] [折价告警] 广发睿阳(501070) 折价率: 10.40% (阈值: 10.0%)
[2026-06-22 09:54:30] [溢价告警] 财通福鑫定开混合(501046) 溢价率: 41.44% (阈值: 10.0%)
[2026-06-22 09:54:31] [溢价告警] 财通福瑞混合LOF(501028) 溢价率: 11.49% (阈值: 10.0%)
[2026-06-22 09:54:33] [溢价告警] 财通升级混合LOF(501015) 溢价率: 11.51% (阈值: 10.0%)
[2026-06-22 09:54:33] [溢价告警] 财通精选混合LOF(501001) 溢价率: 10.68% (阈值: 10.0%)
[2026-06-23 04:19:32] [折价告警] 科创板长城(506008) 折价率: 15.18% (阈值: 10.0%)
[2026-06-23 04:19:33] [溢价告警] 全球芯片LOF(501225) 溢价率: 21.52% (阈值: 10.0%)
[2026-06-23 04:19:34] [溢价告警] 国联安科创LOF(501096) 溢价率: 20.16% (阈值: 10.0%)
[2026-06-23 04:19:34] [折价告警] 广发睿阳(501070) 折价率: 11.93% (阈值: 10.0%)
[2026-06-23 04:19:34] [溢价告警] 财通福鑫定开混合(501046) 溢价率: 39.42% (阈值: 10.0%)
[2026-06-23 04:19:35] [溢价告警] 南方原油LOF(501018) 溢价率: 11.49% (阈值: 10.0%)
[2026-06-23 07:57:10] [溢价告警] 券商LOF(160633) 溢价率: 10.82% (阈值: 10.0%)
[2026-06-23 07:57:11] [折价告警] 科创板长城(506008) 折价率: 16.74% (阈值: 10.0%)
[2026-06-23 07:57:12] [溢价告警] 全球芯片LOF(501225) 溢价率: 21.30% (阈值: 10.0%)
[2026-06-23 07:57:14] [溢价告警] 国联安科创LOF(501096) 溢价率: 21.79% (阈值: 10.0%)
[2026-06-23 07:57:15] [折价告警] 广发睿阳(501070) 折价率: 12.73% (阈值: 10.0%)
[2026-06-23 07:57:17] [溢价告警] 财通福鑫定开混合(501046) 溢价率: 39.42% (阈值: 10.0%)
[2026-06-24 04:33:35] [折价告警] 科创板长城(506008) 折价率: 14.10% (阈值: 10.0%)
[2026-06-24 04:33:35] [溢价告警] 全球芯片LOF(501225) 溢价率: 21.21% (阈值: 10.0%)
[2026-06-24 04:33:36] [溢价告警] 国联安科创LOF(501096) 溢价率: 10.98% (阈值: 10.0%)
[2026-06-24 04:33:37] [折价告警] 广发睿阳(501070) 折价率: 10.63% (阈值: 10.0%)
[2026-06-24 04:33:38] [溢价告警] 财通福鑫定开混合(501046) 溢价率: 43.86% (阈值: 10.0%)
[2026-06-24 07:52:55] [折价告警] 科创板长城(506008) 折价率: 12.93% (阈值: 10.0%)
[2026-06-24 07:52:56] [溢价告警] 全球芯片LOF(501225) 溢价率: 28.20% (阈值: 10.0%)
[2026-06-24 07:52:58] [溢价告警] 国联安科创LOF(501096) 溢价率: 10.98% (阈值: 10.0%)
[2026-06-24 07:52:59] [折价告警] 广发睿阳(501070) 折价率: 10.40% (阈值: 10.0%)
[2026-06-24 07:53:01] [溢价告警] 财通福鑫定开混合(501046) 溢价率: 44.05% (阈值: 10.0%)
[2026-06-25 04:22:09] [折价告警] 科创板长城(506008) 折价率: 14.16% (阈值: 10.0%)
[2026-06-25 04:22:10] [溢价告警] 全球芯片LOF(501225) 溢价率: 38.15% (阈值: 10.0%)
[2026-06-25 04:22:11] [折价告警] 广发睿阳(501070) 折价率: 11.30% (阈值: 10.0%)
[2026-06-25 04:22:11] [溢价告警] 财通福鑫定开混合(501046) 溢价率: 40.10% (阈值: 10.0%)
[2026-06-25 07:53:30] [折价告警] 科创板长城(506008) 折价率: 12.90% (阈值: 10.0%)
[2026-06-25 07:53:30] [溢价告警] 全球芯片LOF(501225) 溢价率: 38.09% (阈值: 10.0%)
[2026-06-25 07:53:32] [折价告警] 嘉实瑞虹(501088) 折价率: 10.02% (阈值: 10.0%)
[2026-06-25 07:53:33] [折价告警] 广发睿阳(501070) 折价率: 10.79% (阈值: 10.0%)
[2026-06-25 07:53:34] [溢价告警] 财通福鑫定开混合(501046) 溢价率: 40.10% (阈值: 10.0%)
[2026-06-26 04:39:41] [折价告警] 易方达科顺定开(161132) 折价率: 10.29% (阈值: 10.0%)
[2026-06-26 04:39:41] [折价告警] 科创板长城(506008) 折价率: 17.36% (阈值: 10.0%)
[2026-06-26 04:39:42] [溢价告警] 全球芯片LOF(501225) 溢价率: 31.47% (阈值: 10.0%)
[2026-06-26 04:39:42] [折价告警] 嘉实瑞虹(501088) 折价率: 11.04% (阈值: 10.0%)
[2026-06-26 04:39:42] [折价告警] 广发睿阳(501070) 折价率: 13.54% (阈值: 10.0%)
[2026-06-26 04:39:43] [溢价告警] 财通福鑫定开混合(501046) 溢价率: 24.00% (阈值: 10.0%)
[2026-06-26 08:01:40] [折价告警] 科创板长城(506008) 折价率: 16.84% (阈值: 10.0%)
[2026-06-26 08:01:40] [溢价告警] 全球芯片LOF(501225) 溢价率: 31.42% (阈值: 10.0%)
[2026-06-26 08:01:44] [折价告警] 嘉实瑞虹(501088) 折价率: 10.69% (阈值: 10.0%)
[2026-06-26 08:01:46] [折价告警] 广发睿阳(501070) 折价率: 12.90% (阈值: 10.0%)
[2026-06-26 08:01:47] [溢价告警] 财通福鑫定开混合(501046) 溢价率: 32.39% (阈值: 10.0%)
[2026-06-27 04:14:43] [折价告警] 科创板长城(506008) 折价率: 15.87% (阈值: 10.0%)
[2026-06-27 04:14:43] [溢价告警] 全球芯片LOF(501225) 溢价率: 26.46% (阈值: 10.0%)
[2026-06-27 04:14:45] [折价告警] 广发睿阳(501070) 折价率: 11.68% (阈值: 10.0%)
[2026-06-27 04:14:45] [溢价告警] 财通福鑫定开混合(501046) 溢价率: 35.90% (阈值: 10.0%)
[2026-06-27 07:25:55] [折价告警] 科创板长城(506008) 折价率: 15.87% (阈值: 10.0%)
[2026-06-27 07:25:56] [溢价告警] 全球芯片LOF(501225) 溢价率: 26.46% (阈值: 10.0%)
[2026-06-27 07:25:58] [折价告警] 广发睿阳(501070) 折价率: 11.68% (阈值: 10.0%)
[2026-06-27 07:25:59] [溢价告警] 财通福鑫定开混合(501046) 溢价率: 35.90% (阈值: 10.0%)
[2026-06-28 04:48:03] [折价告警] 科创板长城(506008) 折价率: 15.87% (阈值: 10.0%)
[2026-06-28 04:48:03] [溢价告警] 全球芯片LOF(501225) 溢价率: 26.46% (阈值: 10.0%)
[2026-06-28 04:48:04] [折价告警] 广发睿阳(501070) 折价率: 11.68% (阈值: 10.0%)
[2026-06-28 04:48:05] [溢价告警] 财通福鑫定开混合(501046) 溢价率: 35.90% (阈值: 10.0%)
[2026-06-28 07:57:23] [折价告警] 科创板长城(506008) 折价率: 15.87% (阈值: 10.0%)
[2026-06-28 07:57:23] [溢价告警] 全球芯片LOF(501225) 溢价率: 26.46% (阈值: 10.0%)
[2026-06-28 07:57:26] [折价告警] 广发睿阳(501070) 折价率: 11.68% (阈值: 10.0%)
[2026-06-28 07:57:27] [溢价告警] 财通福鑫定开混合(501046) 溢价率: 35.90% (阈值: 10.0%)
[2026-06-29 04:57:47] [折价告警] 科创板长城(506008) 折价率: 15.15% (阈值: 10.0%)
[2026-06-29 04:57:47] [溢价告警] 全球芯片LOF(501225) 溢价率: 25.12% (阈值: 10.0%)
[2026-06-29 04:57:48] [折价告警] 广发睿阳(501070) 折价率: 10.38% (阈值: 10.0%)
[2026-06-29 04:57:49] [溢价告警] 财通福鑫定开混合(501046) 溢价率: 29.45% (阈值: 10.0%)
[2026-06-29 09:05:55] [折价告警] 科创板长城(506008) 折价率: 13.31% (阈值: 10.0%)
[2026-06-29 09:05:56] [溢价告警] 全球芯片LOF(501225) 溢价率: 32.40% (阈值: 10.0%)
[2026-06-29 09:05:59] [溢价告警] 财通福鑫定开混合(501046) 溢价率: 31.68% (阈值: 10.0%)
[2026-06-30 04:22:56] [折价告警] 科创板长城(506008) 折价率: 14.02% (阈值: 10.0%)
[2026-06-30 04:22:56] [溢价告警] 全球芯片LOF(501225) 溢价率: 36.36% (阈值: 10.0%)
[2026-06-30 04:22:57] [折价告警] 嘉实瑞虹(501088) 折价率: 10.17% (阈值: 10.0%)
[2026-06-30 04:22:57] [折价告警] 广发睿阳(501070) 折价率: 10.66% (阈值: 10.0%)
[2026-06-30 04:22:57] [溢价告警] 财通福鑫定开混合(501046) 溢价率: 42.36% (阈值: 10.0%)
[2026-06-30 08:00:29] [折价告警] 科创板长城(506008) 折价率: 13.58% (阈值: 10.0%)
[2026-06-30 08:00:30] [溢价告警] 全球芯片LOF(501225) 溢价率: 36.47% (阈值: 10.0%)
[2026-06-30 08:00:33] [折价告警] 广发睿阳(501070) 折价率: 10.02% (阈值: 10.0%)
[2026-06-30 08:00:35] [溢价告警] 财通福鑫定开混合(501046) 溢价率: 42.43% (阈值: 10.0%)
[2026-07-01 04:52:33] [折价告警] 科创板长城(506008) 折价率: 16.29% (阈值: 10.0%)
[2026-07-01 04:52:34] [溢价告警] 全球芯片LOF(501225) 溢价率: 30.48% (阈值: 10.0%)
[2026-07-01 04:52:35] [折价告警] 广发睿阳(501070) 折价率: 10.21% (阈值: 10.0%)
[2026-07-01 04:52:35] [溢价告警] 财通福鑫定开混合(501046) 溢价率: 39.35% (阈值: 10.0%)
[2026-07-02 04:20:01] [折价告警] 科创板长城(506008) 折价率: 18.35% (阈值: 10.0%)
[2026-07-02 04:20:01] [溢价告警] 全球芯片LOF(501225) 溢价率: 23.59% (阈值: 10.0%)
[2026-07-02 04:20:02] [折价告警] 广发睿阳(501070) 折价率: 10.20% (阈值: 10.0%)
[2026-07-02 04:20:02] [溢价告警] 财通福鑫定开混合(501046) 溢价率: 31.60% (阈值: 10.0%)
[2026-07-02 07:41:03] [折价告警] 创业板2年定开(161914) 折价率: 10.01% (阈值: 10.0%)
[2026-07-02 07:41:03] [溢价告警] 国投白银LOF(161226) 溢价率: 10.08% (阈值: 10.0%)
[2026-07-02 07:41:04] [折价告警] 易方达科顺定开(161132) 折价率: 10.90% (阈值: 10.0%)
[2026-07-02 07:41:04] [折价告警] 科创板长城(506008) 折价率: 20.45% (阈值: 10.0%)
[2026-07-02 07:41:05] [折价告警] 万家科创板(506001) 折价率: 10.26% (阈值: 10.0%)
[2026-07-02 07:41:05] [溢价告警] 全球芯片LOF(501225) 溢价率: 19.14% (阈值: 10.0%)
[2026-07-02 07:41:06] [折价告警] 科创加银LOF(501200) 折价率: 10.67% (阈值: 10.0%)
[2026-07-02 07:41:06] [折价告警] 广发睿阳(501070) 折价率: 10.78% (阈值: 10.0%)
[2026-07-02 07:41:06] [溢价告警] 财通福鑫定开混合(501046) 溢价率: 29.64% (阈值: 10.0%)
[2026-07-03 04:06:10] [溢价告警] 国投白银LOF(161226) 溢价率: 16.41% (阈值: 10.0%)
[2026-07-03 04:06:10] [折价告警] 科创板长城(506008) 折价率: 14.58% (阈值: 10.0%)
[2026-07-03 04:06:11] [溢价告警] 全球芯片LOF(501225) 溢价率: 27.01% (阈值: 10.0%)
[2026-07-03 04:06:12] [溢价告警] 财通福鑫定开混合(501046) 溢价率: 34.29% (阈值: 10.0%)
[2026-07-03 07:33:59] [溢价告警] 国投白银LOF(161226) 溢价率: 17.50% (阈值: 10.0%)
[2026-07-03 07:34:00] [折价告警] 科创板长城(506008) 折价率: 15.44% (阈值: 10.0%)
[2026-07-03 07:34:00] [溢价告警] 全球芯片LOF(501225) 溢价率: 25.59% (阈值: 10.0%)
[2026-07-03 07:34:02] [溢价告警] 财通福鑫定开混合(501046) 溢价率: 34.41% (阈值: 10.0%)
[2026-07-04 03:59:22] [溢价告警] 国投白银LOF(161226) 溢价率: 14.13% (阈值: 10.0%)
[2026-07-04 03:59:22] [折价告警] 科创板长城(506008) 折价率: 15.15% (阈值: 10.0%)
[2026-07-04 03:59:23] [溢价告警] 全球芯片LOF(501225) 溢价率: 34.13% (阈值: 10.0%)
[2026-07-04 03:59:24] [溢价告警] 财通福鑫定开混合(501046) 溢价率: 34.35% (阈值: 10.0%)
[2026-07-04 07:12:48] [溢价告警] 国投白银LOF(161226) 溢价率: 14.13% (阈值: 10.0%)
[2026-07-04 07:12:49] [折价告警] 科创板长城(506008) 折价率: 15.15% (阈值: 10.0%)
[2026-07-04 07:12:49] [溢价告警] 全球芯片LOF(501225) 溢价率: 34.13% (阈值: 10.0%)
[2026-07-04 07:12:49] [溢价告警] 财通福鑫定开混合(501046) 溢价率: 34.35% (阈值: 10.0%)
[2026-07-05 04:18:09] [溢价告警] 国投白银LOF(161226) 溢价率: 14.13% (阈值: 10.0%)
[2026-07-05 04:18:10] [折价告警] 科创板长城(506008) 折价率: 15.15% (阈值: 10.0%)
[2026-07-05 04:18:10] [溢价告警] 全球芯片LOF(501225) 溢价率: 34.13% (阈值: 10.0%)
[2026-07-05 04:18:11] [溢价告警] 财通福鑫定开混合(501046) 溢价率: 34.35% (阈值: 10.0%)
[2026-07-05 07:36:26] [溢价告警] 国投白银LOF(161226) 溢价率: 14.13% (阈值: 10.0%)
[2026-07-05 07:36:26] [折价告警] 科创板长城(506008) 折价率: 15.15% (阈值: 10.0%)
[2026-07-05 07:36:27] [溢价告警] 全球芯片LOF(501225) 溢价率: 34.13% (阈值: 10.0%)
[2026-07-05 07:36:28] [溢价告警] 财通福鑫定开混合(501046) 溢价率: 34.35% (阈值: 10.0%)
[2026-07-06 04:37:21] [溢价告警] 国投白银LOF(161226) 溢价率: 16.00% (阈值: 10.0%)
[2026-07-06 04:37:22] [折价告警] 科创板长城(506008) 折价率: 14.36% (阈值: 10.0%)
[2026-07-06 04:37:22] [溢价告警] 全球芯片LOF(501225) 溢价率: 30.05% (阈值: 10.0%)
[2026-07-06 04:37:23] [溢价告警] 财通福鑫定开混合(501046) 溢价率: 25.27% (阈值: 10.0%)
[2026-07-06 08:39:59] [溢价告警] 国投白银LOF(161226) 溢价率: 15.94% (阈值: 10.0%)
[2026-07-06 08:40:10] [折价告警] 科创板长城(506008) 折价率: 15.02% (阈值: 10.0%)
[2026-07-06 08:40:12] [溢价告警] 全球芯片LOF(501225) 溢价率: 30.38% (阈值: 10.0%)
[2026-07-06 08:40:19] [溢价告警] 财通福鑫定开混合(501046) 溢价率: 20.92% (阈值: 10.0%)
[2026-07-07 04:17:13] [折价告警] 科创板长城(506008) 折价率: 15.55% (阈值: 10.0%)
[2026-07-07 04:17:13] [溢价告警] 全球芯片LOF(501225) 溢价率: 27.20% (阈值: 10.0%)
[2026-07-07 04:17:15] [溢价告警] 财通福鑫定开混合(501046) 溢价率: 15.32% (阈值: 10.0%)
[2026-07-07 07:53:13] [折价告警] 科创板长城(506008) 折价率: 15.29% (阈值: 10.0%)
[2026-07-07 07:53:14] [溢价告警] 全球芯片LOF(501225) 溢价率: 27.17% (阈值: 10.0%)
[2026-07-07 07:53:15] [溢价告警] 财通福鑫定开混合(501046) 溢价率: 15.49% (阈值: 10.0%)
[2026-07-08 03:41:44] [溢价告警] 国投白银LOF(161226) 溢价率: 10.26% (阈值: 10.0%)
[2026-07-08 03:41:45] [溢价告警] 原油LOF易方达(161129) 溢价率: 10.36% (阈值: 10.0%)
[2026-07-08 03:41:45] [折价告警] 科创板长城(506008) 折价率: 13.62% (阈值: 10.0%)
[2026-07-08 03:41:46] [溢价告警] 全球芯片LOF(501225) 溢价率: 26.38% (阈值: 10.0%)
[2026-07-08 03:41:47] [溢价告警] 财通福鑫定开混合(501046) 溢价率: 22.33% (阈值: 10.0%)
[2026-07-08 03:41:48] [溢价告警] 南方原油LOF(501018) 溢价率: 14.02% (阈值: 10.0%)
[2026-07-09 04:11:21] [溢价告警] 原油LOF易方达(161129) 溢价率: 18.12% (阈值: 10.0%)
[2026-07-09 04:11:21] [溢价告警] 嘉实原油LOF(160723) 溢价率: 16.07% (阈值: 10.0%)
[2026-07-09 04:11:21] [折价告警] 科创板长城(506008) 折价率: 13.40% (阈值: 10.0%)
[2026-07-09 04:11:22] [溢价告警] 全球芯片LOF(501225) 溢价率: 28.71% (阈值: 10.0%)
[2026-07-09 04:11:23] [溢价告警] 财通福鑫定开混合(501046) 溢价率: 22.16% (阈值: 10.0%)
[2026-07-09 04:11:24] [溢价告警] 南方原油LOF(501018) 溢价率: 23.26% (阈值: 10.0%)
[2026-07-09 07:50:49] [溢价告警] 国投白银LOF(161226) 溢价率: 10.60% (阈值: 10.0%)
[2026-07-09 07:50:51] [溢价告警] 原油LOF易方达(161129) 溢价率: 10.33% (阈值: 10.0%)
[2026-07-09 07:50:52] [溢价告警] 全球芯片LOF(501225) 溢价率: 31.89% (阈值: 10.0%)
[2026-07-09 07:50:56] [溢价告警] 财通福鑫定开混合(501046) 溢价率: 38.00% (阈值: 10.0%)
[2026-07-09 07:50:58] [溢价告警] 南方原油LOF(501018) 溢价率: 15.44% (阈值: 10.0%)
[2026-07-10 04:11:56] [溢价告警] 国投白银LOF(161226) 溢价率: 17.51% (阈值: 10.0%)
[2026-07-10 04:11:57] [折价告警] 科创板长城(506008) 折价率: 12.67% (阈值: 10.0%)
[2026-07-10 04:11:57] [溢价告警] 全球芯片LOF(501225) 溢价率: 28.83% (阈值: 10.0%)
[2026-07-10 04:11:59] [溢价告警] 财通福鑫定开混合(501046) 溢价率: 31.73% (阈值: 10.0%)
[2026-07-10 04:11:59] [溢价告警] 南方原油LOF(501018) 溢价率: 11.42% (阈值: 10.0%)
[2026-07-10 07:49:45] [溢价告警] 国投白银LOF(161226) 溢价率: 15.96% (阈值: 10.0%)
[2026-07-10 07:49:45] [折价告警] 科创板长城(506008) 折价率: 15.71% (阈值: 10.0%)
[2026-07-10 07:49:45] [溢价告警] 全球芯片LOF(501225) 溢价率: 27.11% (阈值: 10.0%)
[2026-07-10 07:49:46] [溢价告警] 财通福鑫定开混合(501046) 溢价率: 31.73% (阈值: 10.0%)
[2026-07-10 07:49:47] [溢价告警] 南方原油LOF(501018) 溢价率: 10.60% (阈值: 10.0%)
[2026-07-11 03:38:58] [溢价告警] 国投白银LOF(161226) 溢价率: 12.50% (阈值: 10.0%)
[2026-07-11 03:38:59] [折价告警] 科创板长城(506008) 折价率: 11.53% (阈值: 10.0%)
[2026-07-11 03:38:59] [溢价告警] 全球芯片LOF(501225) 溢价率: 21.50% (阈值: 10.0%)
[2026-07-11 03:39:00] [溢价告警] 财通福鑫定开混合(501046) 溢价率: 37.81% (阈值: 10.0%)
[2026-07-11 03:39:00] [溢价告警] 南方原油LOF(501018) 溢价率: 13.76% (阈值: 10.0%)
[2026-07-11 06:24:13] [溢价告警] 国投白银LOF(161226) 溢价率: 12.50% (阈值: 10.0%)
[2026-07-11 06:24:14] [折价告警] 科创板长城(506008) 折价率: 11.53% (阈值: 10.0%)
[2026-07-11 06:24:14] [溢价告警] 全球芯片LOF(501225) 溢价率: 21.50% (阈值: 10.0%)
[2026-07-11 06:24:16] [溢价告警] 财通福鑫定开混合(501046) 溢价率: 37.81% (阈值: 10.0%)
[2026-07-11 06:24:16] [溢价告警] 南方原油LOF(501018) 溢价率: 13.76% (阈值: 10.0%)
[2026-07-12 03:53:50] [溢价告警] 国投白银LOF(161226) 溢价率: 12.50% (阈值: 10.0%)
[2026-07-12 03:53:50] [折价告警] 科创板长城(506008) 折价率: 11.53% (阈值: 10.0%)
[2026-07-12 03:53:51] [溢价告警] 全球芯片LOF(501225) 溢价率: 21.50% (阈值: 10.0%)
[2026-07-12 03:53:52] [溢价告警] 财通福鑫定开混合(501046) 溢价率: 37.81% (阈值: 10.0%)
[2026-07-12 03:53:53] [溢价告警] 南方原油LOF(501018) 溢价率: 13.76% (阈值: 10.0%)
[2026-07-12 06:45:58] [溢价告警] 国投白银LOF(161226) 溢价率: 12.50% (阈值: 10.0%)
[2026-07-12 06:45:59] [折价告警] 科创板长城(506008) 折价率: 11.53% (阈值: 10.0%)
[2026-07-12 06:46:00] [溢价告警] 全球芯片LOF(501225) 溢价率: 21.50% (阈值: 10.0%)
[2026-07-12 06:46:01] [溢价告警] 财通福鑫定开混合(501046) 溢价率: 37.81% (阈值: 10.0%)
[2026-07-12 06:46:02] [溢价告警] 南方原油LOF(501018) 溢价率: 13.76% (阈值: 10.0%)
[2026-07-13 03:57:12] [溢价告警] 原油LOF易方达(161129) 溢价率: 15.58% (阈值: 10.0%)
[2026-07-13 03:57:13] [溢价告警] 嘉实原油LOF(160723) 溢价率: 13.50% (阈值: 10.0%)
[2026-07-13 03:57:13] [折价告警] 科创板长城(506008) 折价率: 13.44% (阈值: 10.0%)
[2026-07-13 03:57:13] [溢价告警] 全球芯片LOF(501225) 溢价率: 19.51% (阈值: 10.0%)
[2026-07-13 03:57:16] [溢价告警] 财通福鑫定开混合(501046) 溢价率: 24.04% (阈值: 10.0%)
[2026-07-13 03:57:16] [溢价告警] 南方原油LOF(501018) 溢价率: 20.19% (阈值: 10.0%)
[2026-07-13 07:35:02] [溢价告警] 原油LOF易方达(161129) 溢价率: 18.66% (阈值: 10.0%)
[2026-07-13 07:35:03] [溢价告警] 嘉实原油LOF(160723) 溢价率: 15.31% (阈值: 10.0%)
[2026-07-13 07:35:03] [折价告警] 科创板长城(506008) 折价率: 15.23% (阈值: 10.0%)
[2026-07-13 07:35:04] [溢价告警] 全球芯片LOF(501225) 溢价率: 18.47% (阈值: 10.0%)
[2026-07-13 07:35:04] [溢价告警] 财通福鑫定开混合(501046) 溢价率: 24.03% (阈值: 10.0%)
[2026-07-13 07:35:05] [溢价告警] 南方原油LOF(501018) 溢价率: 21.81% (阈值: 10.0%)
[2026-07-14 03:30:23] [溢价告警] 国投白银LOF(161226) 溢价率: 10.57% (阈值: 10.0%)
[2026-07-14 03:30:23] [溢价告警] 原油LOF易方达(161129) 溢价率: 28.95% (阈值: 10.0%)
[2026-07-14 03:30:24] [溢价告警] 嘉实原油LOF(160723) 溢价率: 24.98% (阈值: 10.0%)
[2026-07-14 03:30:24] [折价告警] 科创板长城(506008) 折价率: 17.44% (阈值: 10.0%)
[2026-07-14 03:30:24] [溢价告警] 全球芯片LOF(501225) 溢价率: 17.60% (阈值: 10.0%)
[2026-07-14 03:30:26] [溢价告警] 财通福鑫定开混合(501046) 溢价率: 26.91% (阈值: 10.0%)
[2026-07-14 03:30:26] [溢价告警] 南方原油LOF(501018) 溢价率: 30.71% (阈值: 10.0%)
[2026-07-14 06:23:00] [溢价告警] 国投白银LOF(161226) 溢价率: 13.08% (阈值: 10.0%)
[2026-07-14 06:23:01] [溢价告警] 原油LOF易方达(161129) 溢价率: 28.27% (阈值: 10.0%)
[2026-07-14 06:23:01] [溢价告警] 嘉实原油LOF(160723) 溢价率: 23.89% (阈值: 10.0%)
[2026-07-14 06:23:02] [折价告警] 科创板长城(506008) 折价率: 13.92% (阈值: 10.0%)
[2026-07-14 06:23:02] [溢价告警] 全球芯片LOF(501225) 溢价率: 20.60% (阈值: 10.0%)
[2026-07-14 06:23:02] [溢价告警] 财通福鑫定开混合(501046) 溢价率: 35.54% (阈值: 10.0%)
[2026-07-14 06:23:03] [溢价告警] 南方原油LOF(501018) 溢价率: 28.94% (阈值: 10.0%)
[2026-07-15 03:30:23] [溢价告警] 国投白银LOF(161226) 溢价率: 15.26% (阈值: 10.0%)
[2026-07-15 03:30:24] [溢价告警] 原油LOF易方达(161129) 溢价率: 28.31% (阈值: 10.0%)
[2026-07-15 03:30:24] [溢价告警] 嘉实原油LOF(160723) 溢价率: 22.00% (阈值: 10.0%)
[2026-07-15 03:30:25] [折价告警] 科创板长城(506008) 折价率: 15.53% (阈值: 10.0%)
[2026-07-15 03:30:26] [溢价告警] 全球芯片LOF(501225) 溢价率: 26.70% (阈值: 10.0%)
[2026-07-15 03:30:27] [溢价告警] 财通福鑫定开混合(501046) 溢价率: 24.69% (阈值: 10.0%)
[2026-07-15 03:30:29] [溢价告警] 南方原油LOF(501018) 溢价率: 26.75% (阈值: 10.0%)
[2026-07-15 06:25:54] [溢价告警] 国投白银LOF(161226) 溢价率: 14.94% (阈值: 10.0%)
[2026-07-15 06:25:54] [溢价告警] 原油LOF易方达(161129) 溢价率: 25.64% (阈值: 10.0%)
[2026-07-15 06:25:55] [溢价告警] 嘉实原油LOF(160723) 溢价率: 18.18% (阈值: 10.0%)
[2026-07-15 06:25:55] [折价告警] 科创板长城(506008) 折价率: 15.46% (阈值: 10.0%)
[2026-07-15 06:25:56] [溢价告警] 全球芯片LOF(501225) 溢价率: 26.94% (阈值: 10.0%)
[2026-07-15 06:25:57] [溢价告警] 财通福鑫定开混合(501046) 溢价率: 24.69% (阈值: 10.0%)
[2026-07-15 06:25:57] [溢价告警] 南方原油LOF(501018) 溢价率: 23.28% (阈值: 10.0%)
[2026-07-16 03:33:55] [溢价告警] 国投白银LOF(161226) 溢价率: 11.98% (阈值: 10.0%)
[2026-07-16 03:33:55] [溢价告警] 原油LOF易方达(161129) 溢价率: 12.55% (阈值: 10.0%)
[2026-07-16 03:33:56] [折价告警] 科创板长城(506008) 折价率: 13.61% (阈值: 10.0%)
[2026-07-16 03:33:56] [溢价告警] 全球芯片LOF(501225) 溢价率: 20.64% (阈值: 10.0%)
[2026-07-16 03:33:58] [溢价告警] 财通福鑫定开混合(501046) 溢价率: 19.87% (阈值: 10.0%)
[2026-07-16 03:33:58] [溢价告警] 南方原油LOF(501018) 溢价率: 11.00% (阈值: 10.0%)
[2026-07-16 06:29:23] [溢价告警] 国投白银LOF(161226) 溢价率: 11.61% (阈值: 10.0%)
[2026-07-16 06:29:24] [溢价告警] 原油LOF易方达(161129) 溢价率: 12.17% (阈值: 10.0%)
[2026-07-16 06:29:24] [折价告警] 科创板长城(506008) 折价率: 14.55% (阈值: 10.0%)
[2026-07-16 06:29:24] [溢价告警] 全球芯片LOF(501225) 溢价率: 18.79% (阈值: 10.0%)
[2026-07-16 06:29:26] [溢价告警] 财通福鑫定开混合(501046) 溢价率: 16.65% (阈值: 10.0%)
[2026-07-16 06:29:26] [溢价告警] 南方原油LOF(501018) 溢价率: 11.24% (阈值: 10.0%)
[2026-07-17 03:34:18] [溢价告警] 国投白银LOF(161226) 溢价率: 12.81% (阈值: 10.0%)
[2026-07-17 03:34:19] [折价告警] 科创板长城(506008) 折价率: 15.03% (阈值: 10.0%)
[2026-07-17 03:34:19] [溢价告警] 全球芯片LOF(501225) 溢价率: 14.75% (阈值: 10.0%)
[2026-07-17 03:34:20] [折价告警] 华夏翔阳LOF(501093) 折价率: 10.78% (阈值: 10.0%)
[2026-07-17 03:34:20] [溢价告警] 财通福鑫定开混合(501046) 溢价率: 10.08% (阈值: 10.0%)
[2026-07-17 06:25:39] [溢价告警] 国投白银LOF(161226) 溢价率: 12.68% (阈值: 10.0%)
[2026-07-17 06:25:39] [折价告警] 科创板长城(506008) 折价率: 15.86% (阈值: 10.0%)
[2026-07-17 06:25:39] [溢价告警] 全球芯片LOF(501225) 溢价率: 13.62% (阈值: 10.0%)
[2026-07-17 06:25:40] [溢价告警] 财通福鑫定开混合(501046) 溢价率: 10.28% (阈值: 10.0%)
[2026-07-18 03:28:37] [溢价告警] 国投白银LOF(161226) 溢价率: 16.49% (阈值: 10.0%)
[2026-07-18 03:28:37] [溢价告警] 原油LOF易方达(161129) 溢价率: 14.58% (阈值: 10.0%)
[2026-07-18 03:28:38] [溢价告警] 嘉实原油LOF(160723) 溢价率: 10.41% (阈值: 10.0%)
[2026-07-18 03:28:38] [折价告警] 科创板长城(506008) 折价率: 11.21% (阈值: 10.0%)
[2026-07-18 03:28:38] [溢价告警] 全球芯片LOF(501225) 溢价率: 16.78% (阈值: 10.0%)
[2026-07-18 03:28:39] [溢价告警] 财通福鑫定开混合(501046) 溢价率: 22.09% (阈值: 10.0%)
[2026-07-18 03:28:40] [溢价告警] 南方原油LOF(501018) 溢价率: 11.80% (阈值: 10.0%)
[2026-07-18 06:15:48] [溢价告警] 国投白银LOF(161226) 溢价率: 16.49% (阈值: 10.0%)
[2026-07-18 06:15:50] [溢价告警] 原油LOF易方达(161129) 溢价率: 14.58% (阈值: 10.0%)
[2026-07-18 06:15:51] [溢价告警] 嘉实原油LOF(160723) 溢价率: 10.41% (阈值: 10.0%)
[2026-07-18 06:15:52] [折价告警] 科创板长城(506008) 折价率: 11.21% (阈值: 10.0%)
[2026-07-18 06:15:54] [溢价告警] 全球芯片LOF(501225) 溢价率: 16.78% (阈值: 10.0%)
[2026-07-18 06:15:58] [溢价告警] 财通福鑫定开混合(501046) 溢价率: 22.09% (阈值: 10.0%)
[2026-07-18 06:15:59] [溢价告警] 南方原油LOF(501018) 溢价率: 11.80% (阈值: 10.0%)
[2026-07-19 03:50:05] [溢价告警] 国投白银LOF(161226) 溢价率: 16.49% (阈值: 10.0%)
[2026-07-19 03:50:06] [溢价告警] 原油LOF易方达(161129) 溢价率: 14.58% (阈值: 10.0%)
[2026-07-19 03:50:06] [溢价告警] 嘉实原油LOF(160723) 溢价率: 10.41% (阈值: 10.0%)
[2026-07-19 03:50:07] [折价告警] 科创板长城(506008) 折价率: 11.21% (阈值: 10.0%)
[2026-07-19 03:50:07] [溢价告警] 全球芯片LOF(501225) 溢价率: 16.78% (阈值: 10.0%)
[2026-07-19 03:50:08] [溢价告警] 财通福鑫定开混合(501046) 溢价率: 22.09% (阈值: 10.0%)
[2026-07-19 03:50:08] [溢价告警] 南方原油LOF(501018) 溢价率: 11.80% (阈值: 10.0%)
[2026-07-19 06:41:33] [溢价告警] 国投白银LOF(161226) 溢价率: 16.49% (阈值: 10.0%)
[2026-07-19 06:41:33] [溢价告警] 原油LOF易方达(161129) 溢价率: 14.58% (阈值: 10.0%)
[2026-07-19 06:41:33] [溢价告警] 嘉实原油LOF(160723) 溢价率: 10.41% (阈值: 10.0%)
[2026-07-19 06:41:33] [折价告警] 科创板长城(506008) 折价率: 11.21% (阈值: 10.0%)
[2026-07-19 06:41:34] [溢价告警] 全球芯片LOF(501225) 溢价率: 16.78% (阈值: 10.0%)
[2026-07-19 06:41:37] [溢价告警] 财通福鑫定开混合(501046) 溢价率: 22.09% (阈值: 10.0%)
[2026-07-19 06:41:39] [溢价告警] 南方原油LOF(501018) 溢价率: 11.80% (阈值: 10.0%)
[2026-07-20 04:00:59] [溢价告警] 国投白银LOF(161226) 溢价率: 17.73% (阈值: 10.0%)
[2026-07-20 04:00:59] [溢价告警] 原油LOF易方达(161129) 溢价率: 22.54% (阈值: 10.0%)
[2026-07-20 04:01:00] [溢价告警] 嘉实原油LOF(160723) 溢价率: 17.25% (阈值: 10.0%)
[2026-07-20 04:01:00] [折价告警] 科创板长城(506008) 折价率: 10.77% (阈值: 10.0%)
[2026-07-20 04:01:02] [溢价告警] 全球芯片LOF(501225) 溢价率: 17.91% (阈值: 10.0%)
[2026-07-20 04:01:02] [溢价告警] 财通福鑫定开混合(501046) 溢价率: 12.08% (阈值: 10.0%)
[2026-07-20 04:01:03] [溢价告警] 南方原油LOF(501018) 溢价率: 18.77% (阈值: 10.0%)
[2026-07-20 07:25:29] [溢价告警] 国投白银LOF(161226) 溢价率: 17.34% (阈值: 10.0%)
[2026-07-20 07:25:30] [溢价告警] 原油LOF易方达(161129) 溢价率: 26.01% (阈值: 10.0%)
[2026-07-20 07:25:30] [溢价告警] 嘉实原油LOF(160723) 溢价率: 21.45% (阈值: 10.0%)
[2026-07-20 07:25:31] [折价告警] 科创板长城(506008) 折价率: 11.36% (阈值: 10.0%)
[2026-07-20 07:25:31] [溢价告警] 全球芯片LOF(501225) 溢价率: 16.37% (阈值: 10.0%)
[2026-07-20 07:25:32] [溢价告警] 南方原油LOF(501018) 溢价率: 22.98% (阈值: 10.0%)
[2026-07-21 03:41:40] [溢价告警] 国投白银LOF(161226) 溢价率: 17.54% (阈值: 10.0%)
[2026-07-21 03:41:41] [溢价告警] 原油LOF易方达(161129) 溢价率: 17.01% (阈值: 10.0%)
[2026-07-21 03:41:41] [溢价告警] 嘉实原油LOF(160723) 溢价率: 12.66% (阈值: 10.0%)
[2026-07-21 03:41:42] [溢价告警] 华夏行业LOF(160314) 溢价率: 14.44% (阈值: 10.0%)
[2026-07-21 03:41:42] [溢价告警] 全球芯片LOF(501225) 溢价率: 26.73% (阈值: 10.0%)
[2026-07-21 03:41:43] [溢价告警] 科创建信LOF(501098) 溢价率: 10.54% (阈值: 10.0%)
[2026-07-21 03:41:43] [溢价告警] 财通福鑫定开混合(501046) 溢价率: 27.18% (阈值: 10.0%)
[2026-07-21 03:41:44] [溢价告警] 南方原油LOF(501018) 溢价率: 16.86% (阈值: 10.0%)
[2026-07-21 06:39:15] [溢价告警] 广发小盘LOF(162703) 溢价率: 10.04% (阈值: 10.0%)
[2026-07-21 06:39:17] [溢价告警] 国投白银LOF(161226) 溢价率: 22.38% (阈值: 10.0%)
[2026-07-21 06:39:18] [溢价告警] 原油LOF易方达(161129) 溢价率: 16.71% (阈值: 10.0%)
[2026-07-21 06:39:18] [溢价告警] 嘉实原油LOF(160723) 溢价率: 12.87% (阈值: 10.0%)
[2026-07-21 06:39:20] [溢价告警] 华安智增LOF(160421) 溢价率: 10.72% (阈值: 10.0%)
[2026-07-21 06:39:20] [溢价告警] 华夏行业LOF(160314) 溢价率: 16.69% (阈值: 10.0%)
[2026-07-21 06:39:21] [溢价告警] 全球芯片LOF(501225) 溢价率: 31.08% (阈值: 10.0%)
[2026-07-21 06:39:23] [溢价告警] 科创投资LOF(501082) 溢价率: 10.46% (阈值: 10.0%)
[2026-07-21 06:39:24] [溢价告警] 财通福鑫定开混合(501046) 溢价率: 33.91% (阈值: 10.0%)
[2026-07-21 06:39:25] [溢价告警] 南方原油LOF(501018) 溢价率: 18.98% (阈值: 10.0%)
[2026-07-22 03:42:17] [溢价告警] 国投白银LOF(161226) 溢价率: 23.96% (阈值: 10.0%)
[2026-07-22 03:42:17] [溢价告警] 原油LOF易方达(161129) 溢价率: 21.64% (阈值: 10.0%)
[2026-07-22 03:42:18] [溢价告警] 嘉实原油LOF(160723) 溢价率: 16.85% (阈值: 10.0%)
[2026-07-22 03:42:18] [折价告警] 科创板长城(506008) 折价率: 10.94% (阈值: 10.0%)
[2026-07-22 03:42:18] [溢价告警] 全球芯片LOF(501225) 溢价率: 34.89% (阈值: 10.0%)
[2026-07-22 03:42:19] [溢价告警] 财通福鑫定开混合(501046) 溢价率: 17.63% (阈值: 10.0%)
[2026-07-22 03:42:20] [溢价告警] 南方原油LOF(501018) 溢价率: 22.27% (阈值: 10.0%)
[2026-07-22 06:41:05] [溢价告警] 国投白银LOF(161226) 溢价率: 20.68% (阈值: 10.0%)
[2026-07-22 06:41:05] [溢价告警] 原油LOF易方达(161129) 溢价率: 24.74% (阈值: 10.0%)
[2026-07-22 06:41:05] [溢价告警] 嘉实原油LOF(160723) 溢价率: 18.89% (阈值: 10.0%)
[2026-07-22 06:41:06] [折价告警] 科创板长城(506008) 折价率: 12.05% (阈值: 10.0%)
[2026-07-22 06:41:06] [溢价告警] 全球芯片LOF(501225) 溢价率: 34.89% (阈值: 10.0%)
[2026-07-22 06:41:07] [溢价告警] 南方原油LOF(501018) 溢价率: 24.78% (阈值: 10.0%)
[2026-07-23 03:41:10] [溢价告警] 国投白银LOF(161226) 溢价率: 17.25% (阈值: 10.0%)
[2026-07-23 03:41:11] [溢价告警] 原油LOF易方达(161129) 溢价率: 27.47% (阈值: 10.0%)
[2026-07-23 03:41:11] [溢价告警] 嘉实原油LOF(160723) 溢价率: 21.38% (阈值: 10.0%)
[2026-07-23 03:41:11] [折价告警] 科创板长城(506008) 折价率: 13.72% (阈值: 10.0%)
[2026-07-23 03:41:12] [溢价告警] 全球芯片LOF(501225) 溢价率: 21.49% (阈值: 10.0%)
[2026-07-23 03:41:15] [溢价告警] 财通福鑫定开混合(501046) 溢价率: 11.27% (阈值: 10.0%)
[2026-07-23 03:41:16] [溢价告警] 南方原油LOF(501018) 溢价率: 25.37% (阈值: 10.0%)
[2026-07-23 06:38:54] [溢价告警] 国投白银LOF(161226) 溢价率: 16.09% (阈值: 10.0%)
[2026-07-23 06:38:54] [溢价告警] 原油LOF易方达(161129) 溢价率: 26.16% (阈值: 10.0%)
[2026-07-23 06:38:55] [溢价告警] 嘉实原油LOF(160723) 溢价率: 20.34% (阈值: 10.0%)
[2026-07-23 06:38:55] [折价告警] 科创板长城(506008) 折价率: 13.72% (阈值: 10.0%)
[2026-07-23 06:38:56] [溢价告警] 全球芯片LOF(501225) 溢价率: 24.35% (阈值: 10.0%)
[2026-07-23 06:38:57] [溢价告警] 财通福鑫定开混合(501046) 溢价率: 10.23% (阈值: 10.0%)
[2026-07-23 06:38:58] [溢价告警] 南方原油LOF(501018) 溢价率: 22.92% (阈值: 10.0%)
[2026-07-24 03:40:13] [溢价告警] 银华纯债LOF(161820) 溢价率: 11.14% (阈值: 10.0%)
[2026-07-24 03:40:13] [溢价告警] 原油LOF易方达(161129) 溢价率: 32.91% (阈值: 10.0%)
[2026-07-24 03:40:14] [溢价告警] 嘉实原油LOF(160723) 溢价率: 25.55% (阈值: 10.0%)
[2026-07-24 03:40:14] [折价告警] 科创板长城(506008) 折价率: 10.62% (阈值: 10.0%)
[2026-07-24 03:40:14] [溢价告警] 全球芯片LOF(501225) 溢价率: 20.63% (阈值: 10.0%)
[2026-07-24 03:40:16] [溢价告警] 南方原油LOF(501018) 溢价率: 26.39% (阈值: 10.0%)
[2026-07-24 06:37:14] [溢价告警] 银华纯债LOF(161820) 溢价率: 11.14% (阈值: 10.0%)
[2026-07-24 06:37:14] [溢价告警] 原油LOF易方达(161129) 溢价率: 29.74% (阈值: 10.0%)
[2026-07-24 06:37:14] [溢价告警] 嘉实原油LOF(160723) 溢价率: 21.80% (阈值: 10.0%)
[2026-07-24 06:37:15] [溢价告警] 全球芯片LOF(501225) 溢价率: 22.12% (阈值: 10.0%)
[2026-07-24 06:37:16] [溢价告警] 南方原油LOF(501018) 溢价率: 22.34% (阈值: 10.0%)
[2026-07-25 03:34:52] [溢价告警] 银华纯债LOF(161820) 溢价率: 11.13% (阈值: 10.0%)
[2026-07-25 03:34:53] [溢价告警] 国投白银LOF(161226) 溢价率: 14.21% (阈值: 10.0%)
[2026-07-25 03:34:53] [溢价告警] 原油LOF易方达(161129) 溢价率: 21.47% (阈值: 10.0%)
[2026-07-25 03:34:54] [溢价告警] 嘉实原油LOF(160723) 溢价率: 15.37% (阈值: 10.0%)
[2026-07-25 03:34:54] [折价告警] 科创板长城(506008) 折价率: 10.02% (阈值: 10.0%)
[2026-07-25 03:34:55] [溢价告警] 全球芯片LOF(501225) 溢价率: 22.98% (阈值: 10.0%)
[2026-07-25 03:34:56] [溢价告警] 南方原油LOF(501018) 溢价率: 14.94% (阈值: 10.0%)
[2026-07-25 06:27:37] [溢价告警] 银华纯债LOF(161820) 溢价率: 11.13% (阈值: 10.0%)
[2026-07-25 06:27:38] [溢价告警] 国投白银LOF(161226) 溢价率: 14.21% (阈值: 10.0%)
[2026-07-25 06:27:39] [溢价告警] 原油LOF易方达(161129) 溢价率: 21.47% (阈值: 10.0%)
[2026-07-25 06:27:40] [溢价告警] 嘉实原油LOF(160723) 溢价率: 15.37% (阈值: 10.0%)
[2026-07-25 06:27:41] [折价告警] 科创板长城(506008) 折价率: 10.02% (阈值: 10.0%)
[2026-07-25 06:27:42] [溢价告警] 全球芯片LOF(501225) 溢价率: 22.98% (阈值: 10.0%)
[2026-07-25 06:27:45] [溢价告警] 南方原油LOF(501018) 溢价率: 14.94% (阈值: 10.0%)
[2026-07-26 03:52:51] [溢价告警] 银华纯债LOF(161820) 溢价率: 11.13% (阈值: 10.0%)
[2026-07-26 03:52:52] [溢价告警] 国投白银LOF(161226) 溢价率: 14.21% (阈值: 10.0%)
[2026-07-26 03:52:52] [溢价告警] 原油LOF易方达(161129) 溢价率: 21.47% (阈值: 10.0%)
[2026-07-26 03:52:52] [溢价告警] 嘉实原油LOF(160723) 溢价率: 15.37% (阈值: 10.0%)
[2026-07-26 03:52:53] [折价告警] 科创板长城(506008) 折价率: 10.02% (阈值: 10.0%)
[2026-07-26 03:52:53] [溢价告警] 全球芯片LOF(501225) 溢价率: 22.98% (阈值: 10.0%)
[2026-07-26 03:52:55] [溢价告警] 南方原油LOF(501018) 溢价率: 14.94% (阈值: 10.0%)
[2026-07-26 06:46:42] [溢价告警] 银华纯债LOF(161820) 溢价率: 11.13% (阈值: 10.0%)
[2026-07-26 06:46:42] [溢价告警] 国投白银LOF(161226) 溢价率: 14.21% (阈值: 10.0%)
[2026-07-26 06:46:43] [溢价告警] 原油LOF易方达(161129) 溢价率: 21.47% (阈值: 10.0%)
[2026-07-26 06:46:43] [溢价告警] 嘉实原油LOF(160723) 溢价率: 15.37% (阈值: 10.0%)
[2026-07-26 06:46:44] [折价告警] 科创板长城(506008) 折价率: 10.02% (阈值: 10.0%)
[2026-07-26 06:46:44] [溢价告警] 全球芯片LOF(501225) 溢价率: 22.98% (阈值: 10.0%)
[2026-07-26 06:46:46] [溢价告警] 南方原油LOF(501018) 溢价率: 14.94% (阈值: 10.0%)
[2026-07-27 03:59:23] [溢价告警] 国投白银LOF(161226) 溢价率: 16.27% (阈值: 10.0%)
[2026-07-27 03:59:23] [溢价告警] 原油LOF易方达(161129) 溢价率: 10.66% (阈值: 10.0%)
[2026-07-27 03:59:24] [折价告警] 科创板长城(506008) 折价率: 10.68% (阈值: 10.0%)
[2026-07-27 03:59:24] [溢价告警] 全球芯片LOF(501225) 溢价率: 24.36% (阈值: 10.0%)
[2026-07-27 07:47:06] [溢价告警] 国投白银LOF(161226) 溢价率: 17.46% (阈值: 10.0%)
[2026-07-27 07:47:06] [溢价告警] 全球芯片LOF(501225) 溢价率: 26.87% (阈值: 10.0%)
[2026-07-27 07:47:07] [溢价告警] 财通福鑫定开混合(501046) 溢价率: 15.49% (阈值: 10.0%)
[2026-07-28 03:31:41] [溢价告警] 国投白银LOF(161226) 溢价率: 12.39% (阈值: 10.0%)
[2026-07-28 03:31:41] [折价告警] 创业板博时定开(160529) 折价率: 10.25% (阈值: 10.0%)
[2026-07-28 03:31:41] [折价告警] 科创板长城(506008) 折价率: 12.99% (阈值: 10.0%)
[2026-07-28 03:31:42] [溢价告警] 全球芯片LOF(501225) 溢价率: 22.71% (阈值: 10.0%)
[2026-07-28 06:39:31] [折价告警] 广发创业板定开(162720) 折价率: 10.07% (阈值: 10.0%)
[2026-07-28 06:39:31] [溢价告警] 国投白银LOF(161226) 溢价率: 12.57% (阈值: 10.0%)
[2026-07-28 06:39:31] [折价告警] 创业板博时定开(160529) 折价率: 10.79% (阈值: 10.0%)
[2026-07-28 06:39:32] [折价告警] 科创板长城(506008) 折价率: 14.71% (阈值: 10.0%)
[2026-07-28 06:39:32] [溢价告警] 全球芯片LOF(501225) 溢价率: 21.00% (阈值: 10.0%)
[2026-07-28 06:39:33] [折价告警] 科创红土LOF(501201) 折价率: 10.85% (阈值: 10.0%)
[2026-07-28 06:39:33] [折价告警] 南方瑞合LOF(501062) 折价率: 10.27% (阈值: 10.0%)
[2026-07-28 06:39:33] [折价告警] 财通福享混合LOF(501026) 折价率: 10.10% (阈值: 10.0%)
[2026-07-28 06:39:34] [折价告警] 财通升级混合LOF(501015) 折价率: 10.29% (阈值: 10.0%)
[2026-07-29 06:42:43] [溢价告警] 国投白银LOF(161226) 溢价率: 16.24% (阈值: 10.0%)
[2026-07-29 06:42:43] [溢价告警] 原油LOF易方达(161129) 溢价率: 14.43% (阈值: 10.0%)
[2026-07-29 06:42:44] [溢价告警] 嘉实原油LOF(160723) 溢价率: 10.22% (阈值: 10.0%)
[2026-07-29 06:42:44] [折价告警] 科创板长城(506008) 折价率: 11.22% (阈值: 10.0%)
[2026-07-29 06:42:44] [溢价告警] 全球芯片LOF(501225) 溢价率: 22.14% (阈值: 10.0%)
[2026-07-29 06:42:45] [溢价告警] 财通福鑫定开混合(501046) 溢价率: 20.53% (阈值: 10.0%)
[2026-07-29 06:42:46] [溢价告警] 南方原油LOF(501018) 溢价率: 11.05% (阈值: 10.0%)
[2026-07-30 03:24:56] [溢价告警] 国投白银LOF(161226) 溢价率: 17.06% (阈值: 10.0%)
[2026-07-30 03:24:56] [溢价告警] 原油LOF易方达(161129) 溢价率: 24.45% (阈值: 10.0%)
[2026-07-30 03:24:57] [溢价告警] 嘉实原油LOF(160723) 溢价率: 17.63% (阈值: 10.0%)
[2026-07-30 03:24:57] [折价告警] 科创板长城(506008) 折价率: 13.96% (阈值: 10.0%)
[2026-07-30 03:24:57] [溢价告警] 全球芯片LOF(501225) 溢价率: 24.26% (阈值: 10.0%)
[2026-07-30 03:24:58] [溢价告警] 南方原油LOF(501018) 溢价率: 18.46% (阈值: 10.0%)
[2026-07-30 06:38:39] [溢价告警] 国投白银LOF(161226) 溢价率: 17.94% (阈值: 10.0%)
[2026-07-30 06:38:39] [溢价告警] 原油LOF易方达(161129) 溢价率: 27.81% (阈值: 10.0%)
[2026-07-30 06:38:39] [溢价告警] 嘉实原油LOF(160723) 溢价率: 20.55% (阈值: 10.0%)
[2026-07-30 06:38:40] [折价告警] 科创板长城(506008) 折价率: 12.74% (阈值: 10.0%)
[2026-07-30 06:38:40] [溢价告警] 全球芯片LOF(501225) 溢价率: 23.77% (阈值: 10.0%)
[2026-07-30 06:38:41] [溢价告警] 财通福鑫定开混合(501046) 溢价率: 16.01% (阈值: 10.0%)
[2026-07-30 06:38:42] [溢价告警] 南方原油LOF(501018) 溢价率: 22.02% (阈值: 10.0%)
[2026-07-31 03:47:38] [溢价告警] 国投白银LOF(161226) 溢价率: 17.76% (阈值: 10.0%)
[2026-07-31 03:47:38] [溢价告警] 原油LOF易方达(161129) 溢价率: 19.02% (阈值: 10.0%)
[2026-07-31 03:47:38] [溢价告警] 嘉实原油LOF(160723) 溢价率: 11.10% (阈值: 10.0%)
[2026-07-31 03:47:38] [溢价告警] 博时卓越LOF(160512) 溢价率: 10.72% (阈值: 10.0%)
[2026-07-31 03:47:39] [溢价告警] 全球芯片LOF(501225) 溢价率: 37.00% (阈值: 10.0%)
[2026-07-31 03:47:39] [溢价告警] 财通福鑫定开混合(501046) 溢价率: 26.58% (阈值: 10.0%)
[2026-07-31 03:47:40] [溢价告警] 南方原油LOF(501018) 溢价率: 14.62% (阈值: 10.0%)
[2026-07-31 06:53:05] [溢价告警] 国投白银LOF(161226) 溢价率: 18.20% (阈值: 10.0%)
[2026-07-31 06:53:05] [溢价告警] 原油LOF易方达(161129) 溢价率: 17.58% (阈值: 10.0%)
[2026-07-31 06:53:06] [溢价告警] 嘉实原油LOF(160723) 溢价率: 10.30% (阈值: 10.0%)
[2026-07-31 06:53:06] [溢价告警] 全球芯片LOF(501225) 溢价率: 37.00% (阈值: 10.0%)
[2026-07-31 06:53:07] [溢价告警] 财通福鑫定开混合(501046) 溢价率: 23.80% (阈值: 10.0%)
[2026-07-31 06:53:08] [溢价告警] 南方原油LOF(501018) 溢价率: 14.80% (阈值: 10.0%)
[2026-08-01 03:47:57] [溢价告警] 国投白银LOF(161226) 溢价率: 17.08% (阈值: 10.0%)
[2026-08-01 03:48:00] [溢价告警] 原油LOF易方达(161129) 溢价率: 18.60% (阈值: 10.0%)
[2026-08-01 03:48:02] [溢价告警] 嘉实原油LOF(160723) 溢价率: 11.75% (阈值: 10.0%)
[2026-08-01 03:48:04] [溢价告警] 全球芯片LOF(501225) 溢价率: 30.85% (阈值: 10.0%)
[2026-08-01 03:48:12] [溢价告警] 财通福鑫定开混合(501046) 溢价率: 18.04% (阈值: 10.0%)
[2026-08-01 03:48:15] [溢价告警] 南方原油LOF(501018) 溢价率: 15.28% (阈值: 10.0%)
[2026-08-01 06:39:13] [溢价告警] 国投白银LOF(161226) 溢价率: 17.08% (阈值: 10.0%)
[2026-08-01 06:39:13] [溢价告警] 原油LOF易方达(161129) 溢价率: 18.60% (阈值: 10.0%)
[2026-08-01 06:39:13] [溢价告警] 嘉实原油LOF(160723) 溢价率: 11.75% (阈值: 10.0%)
[2026-08-01 06:39:14] [溢价告警] 全球芯片LOF(501225) 溢价率: 30.85% (阈值: 10.0%)
[2026-08-01 06:39:14] [溢价告警] 财通福鑫定开混合(501046) 溢价率: 18.04% (阈值: 10.0%)
[2026-08-01 06:39:16] [溢价告警] 南方原油LOF(501018) 溢价率: 15.28% (阈值: 10.0%)
[2026-08-02 03:50:35] [溢价告警] 国投白银LOF(161226) 溢价率: 17.08% (阈值: 10.0%)
[2026-08-02 03:50:36] [溢价告警] 原油LOF易方达(161129) 溢价率: 18.60% (阈值: 10.0%)
[2026-08-02 03:50:36] [溢价告警] 嘉实原油LOF(160723) 溢价率: 11.75% (阈值: 10.0%)
[2026-08-02 03:50:36] [溢价告警] 全球芯片LOF(501225) 溢价率: 30.85% (阈值: 10.0%)
[2026-08-02 03:50:38] [溢价告警] 财通福鑫定开混合(501046) 溢价率: 18.04% (阈值: 10.0%)
[2026-08-02 03:50:38] [溢价告警] 南方原油LOF(501018) 溢价率: 15.28% (阈值: 10.0%)
[2026-08-02 06:43:23] [溢价告警] 国投白银LOF(161226) 溢价率: 17.08% (阈值: 10.0%)
[2026-08-02 06:43:24] [溢价告警] 原油LOF易方达(161129) 溢价率: 18.60% (阈值: 10.0%)
[2026-08-02 06:43:24] [溢价告警] 嘉实原油LOF(160723) 溢价率: 11.75% (阈值: 10.0%)
[2026-08-02 06:43:25] [溢价告警] 全球芯片LOF(501225) 溢价率: 30.85% (阈值: 10.0%)
[2026-08-02 06:43:30] [溢价告警] 财通福鑫定开混合(501046) 溢价率: 18.04% (阈值: 10.0%)
[2026-08-02 06:43:31] [溢价告警] 南方原油LOF(501018) 溢价率: 15.28% (阈值: 10.0%)
[2026-08-03 03:52:00] [溢价告警] 国投白银LOF(161226) 溢价率: 17.02% (阈值: 10.0%)
[2026-08-03 03:52:01] [溢价告警] 原油LOF易方达(161129) 溢价率: 13.82% (阈值: 10.0%)
[2026-08-03 03:52:02] [溢价告警] 娱乐增强LOF(161036) 溢价率: 10.51% (阈值: 10.0%)
[2026-08-03 03:52:02] [折价告警] 科创板长城(506008) 折价率: 11.01% (阈值: 10.0%)
[2026-08-03 03:52:02] [溢价告警] 全球芯片LOF(501225) 溢价率: 28.10% (阈值: 10.0%)
[2026-08-03 03:52:03] [溢价告警] 财通福鑫定开混合(501046) 溢价率: 13.13% (阈值: 10.0%)
[2026-08-03 03:52:03] [溢价告警] 南方原油LOF(501018) 溢价率: 12.33% (阈值: 10.0%)
[2026-08-03 07:40:45] [溢价告警] 国投白银LOF(161226) 溢价率: 17.08% (阈值: 10.0%)
[2026-08-03 07:40:45] [溢价告警] 原油LOF易方达(161129) 溢价率: 11.95% (阈值: 10.0%)
[2026-08-03 07:40:45] [折价告警] 科创板长城(506008) 折价率: 12.27% (阈值: 10.0%)
[2026-08-03 07:40:46] [溢价告警] 全球芯片LOF(501225) 溢价率: 27.31% (阈值: 10.0%)
[2026-08-03 07:40:47] [溢价告警] 财通福鑫定开混合(501046) 溢价率: 10.87% (阈值: 10.0%)
[2026-08-03 07:40:47] [溢价告警] 南方原油LOF(501018) 溢价率: 10.01% (阈值: 10.0%)
[2026-08-04 03:34:11] [溢价告警] 国投白银LOF(161226) 溢价率: 18.86% (阈值: 10.0%)
[2026-08-04 03:34:11] [溢价告警] 原油LOF易方达(161129) 溢价率: 14.47% (阈值: 10.0%)
[2026-08-04 03:34:12] [溢价告警] 全球芯片LOF(501225) 溢价率: 29.15% (阈值: 10.0%)
[2026-08-04 03:34:12] [溢价告警] 财通福鑫定开混合(501046) 溢价率: 17.43% (阈值: 10.0%)
[2026-08-04 03:34:13] [溢价告警] 南方原油LOF(501018) 溢价率: 13.32% (阈值: 10.0%)
[2026-08-04 06:38:27] [溢价告警] 国投白银LOF(161226) 溢价率: 18.92% (阈值: 10.0%)
[2026-08-04 06:38:27] [溢价告警] 原油LOF易方达(161129) 溢价率: 13.75% (阈值: 10.0%)
[2026-08-04 06:38:28] [溢价告警] 全球芯片LOF(501225) 溢价率: 30.90% (阈值: 10.0%)
[2026-08-04 06:38:30] [溢价告警] 财通福鑫定开混合(501046) 溢价率: 20.38% (阈值: 10.0%)
[2026-08-04 06:38:30] [溢价告警] 南方原油LOF(501018) 溢价率: 12.52% (阈值: 10.0%)
[2026-08-05 03:29:43] [溢价告警] 国投白银LOF(161226) 溢价率: 24.29% (阈值: 10.0%)
[2026-08-05 03:29:46] [溢价告警] 原油LOF易方达(161129) 溢价率: 12.95% (阈值: 10.0%)
[2026-08-05 03:29:47] [溢价告警] 标普信息科技LOF(161128) 溢价率: 11.06% (阈值: 10.0%)
[2026-08-05 03:29:50] [溢价告警] 全球芯片LOF(501225) 溢价率: 39.51% (阈值: 10.0%)
[2026-08-05 03:29:52] [溢价告警] 财通福鑫定开混合(501046) 溢价率: 17.00% (阈值: 10.0%)
[2026-08-05 03:29:53] [溢价告警] 南方原油LOF(501018) 溢价率: 14.04% (阈值: 10.0%)
[2026-08-05 06:39:29] [溢价告警] 国投白银LOF(161226) 溢价率: 27.23% (阈值: 10.0%)
[2026-08-05 06:39:29] [溢价告警] 原油LOF易方达(161129) 溢价率: 13.45% (阈值: 10.0%)
[2026-08-05 06:39:29] [溢价告警] 标普信息科技LOF(161128) 溢价率: 11.13% (阈值: 10.0%)
[2026-08-05 06:39:30] [溢价告警] 全球芯片LOF(501225) 溢价率: 39.34% (阈值: 10.0%)
[2026-08-05 06:39:31] [溢价告警] 财通福鑫定开混合(501046) 溢价率: 17.75% (阈值: 10.0%)
[2026-08-05 06:39:32] [溢价告警] 南方原油LOF(501018) 溢价率: 15.18% (阈值: 10.0%)
[2026-08-06 03:33:17] [溢价告警] 国投白银LOF(161226) 溢价率: 22.30% (阈值: 10.0%)
[2026-08-06 03:33:17] [溢价告警] 原油LOF易方达(161129) 溢价率: 19.50% (阈值: 10.0%)
[2026-08-06 03:33:18] [溢价告警] 嘉实原油LOF(160723) 溢价率: 13.66% (阈值: 10.0%)
[2026-08-06 03:33:19] [溢价告警] 全球芯片LOF(501225) 溢价率: 31.21% (阈值: 10.0%)
[2026-08-06 03:33:19] [溢价告警] 财通福鑫定开混合(501046) 溢价率: 19.57% (阈值: 10.0%)
[2026-08-06 03:33:19] [溢价告警] 南方原油LOF(501018) 溢价率: 22.68% (阈值: 10.0%)
[2026-08-06 06:42:33] [溢价告警] 国投白银LOF(161226) 溢价率: 22.06% (阈值: 10.0%)
[2026-08-06 06:42:34] [溢价告警] 原油LOF易方达(161129) 溢价率: 19.37% (阈值: 10.0%)
[2026-08-06 06:42:34] [溢价告警] 嘉实原油LOF(160723) 溢价率: 14.70% (阈值: 10.0%)
[2026-08-06 06:42:35] [溢价告警] 全球芯片LOF(501225) 溢价率: 31.21% (阈值: 10.0%)
[2026-08-06 06:42:36] [溢价告警] 财通福鑫定开混合(501046) 溢价率: 23.42% (阈值: 10.0%)
[2026-08-06 06:42:36] [溢价告警] 南方原油LOF(501018) 溢价率: 23.18% (阈值: 10.0%)
[2026-08-07 03:13:48] [溢价告警] 中银中国LOF(163801) 溢价率: 10.07% (阈值: 10.0%)
[2026-08-07 03:13:50] [溢价告警] 国投白银LOF(161226) 溢价率: 18.11% (阈值: 10.0%)
[2026-08-07 03:13:50] [溢价告警] 原油LOF易方达(161129) 溢价率: 23.68% (阈值: 10.0%)
[2026-08-07 03:13:51] [溢价告警] 嘉实原油LOF(160723) 溢价率: 18.35% (阈值: 10.0%)
[2026-08-07 03:13:52] [溢价告警] 全球芯片LOF(501225) 溢价率: 32.07% (阈值: 10.0%)
[2026-08-07 03:13:54] [溢价告警] 财通福鑫定开混合(501046) 溢价率: 33.63% (阈值: 10.0%)
[2026-08-07 03:13:57] [溢价告警] 南方原油LOF(501018) 溢价率: 27.73% (阈值: 10.0%)
[2026-08-07 05:50:30] [溢价告警] 国投白银LOF(161226) 溢价率: 20.32% (阈值: 10.0%)
[2026-08-07 05:50:30] [溢价告警] 原油LOF易方达(161129) 溢价率: 22.89% (阈值: 10.0%)
[2026-08-07 05:50:30] [溢价告警] 嘉实原油LOF(160723) 溢价率: 18.24% (阈值: 10.0%)
[2026-08-07 05:50:30] [溢价告警] 全球芯片LOF(501225) 溢价率: 31.94% (阈值: 10.0%)
[2026-08-07 05:50:31] [溢价告警] 财通科创LOF(501085) 溢价率: 11.08% (阈值: 10.0%)
[2026-08-07 05:50:31] [溢价告警] 财通福鑫定开混合(501046) 溢价率: 34.59% (阈值: 10.0%)
[2026-08-07 05:50:32] [溢价告警] 南方原油LOF(501018) 溢价率: 26.03% (阈值: 10.0%)
[2026-08-08 02:19:35] [溢价告警] 国投白银LOF(161226) 溢价率: 27.12% (阈值: 10.0%)
[2026-08-08 02:19:35] [溢价告警] 原油LOF易方达(161129) 溢价率: 17.35% (阈值: 10.0%)
[2026-08-08 02:19:35] [溢价告警] 嘉实原油LOF(160723) 溢价率: 13.78% (阈值: 10.0%)
[2026-08-08 02:19:35] [溢价告警] 全球芯片LOF(501225) 溢价率: 31.13% (阈值: 10.0%)
[2026-08-08 02:19:36] [溢价告警] 财通福鑫定开混合(501046) 溢价率: 28.28% (阈值: 10.0%)
[2026-08-08 02:19:36] [溢价告警] 南方原油LOF(501018) 溢价率: 18.85% (阈值: 10.0%)
[2026-08-08 05:08:12] [溢价告警] 国投白银LOF(161226) 溢价率: 27.12% (阈值: 10.0%)
[2026-08-08 05:08:13] [溢价告警] 原油LOF易方达(161129) 溢价率: 17.35% (阈值: 10.0%)
[2026-08-08 05:08:14] [溢价告警] 嘉实原油LOF(160723) 溢价率: 13.78% (阈值: 10.0%)
[2026-08-08 05:08:14] [溢价告警] 全球芯片LOF(501225) 溢价率: 31.13% (阈值: 10.0%)
[2026-08-08 05:08:15] [溢价告警] 财通福鑫定开混合(501046) 溢价率: 28.28% (阈值: 10.0%)
[2026-08-08 05:08:17] [溢价告警] 南方原油LOF(501018) 溢价率: 18.85% (阈值: 10.0%)
[2026-08-09 02:26:43] [溢价告警] 国投白银LOF(161226) 溢价率: 27.12% (阈值: 10.0%)
[2026-08-09 02:26:43] [溢价告警] 原油LOF易方达(161129) 溢价率: 17.35% (阈值: 10.0%)
[2026-08-09 02:26:43] [溢价告警] 嘉实原油LOF(160723) 溢价率: 13.78% (阈值: 10.0%)
[2026-08-09 02:26:44] [溢价告警] 全球芯片LOF(501225) 溢价率: 31.13% (阈值: 10.0%)
[2026-08-09 02:26:45] [溢价告警] 财通福鑫定开混合(501046) 溢价率: 28.28% (阈值: 10.0%)
[2026-08-09 02:26:45] [溢价告警] 南方原油LOF(501018) 溢价率: 18.85% (阈值: 10.0%)
[2026-08-09 05:16:08] [溢价告警] 国投白银LOF(161226) 溢价率: 27.12% (阈值: 10.0%)
[2026-08-09 05:16:09] [溢价告警] 原油LOF易方达(161129) 溢价率: 17.35% (阈值: 10.0%)
[2026-08-09 05:16:09] [溢价告警] 嘉实原油LOF(160723) 溢价率: 13.78% (阈值: 10.0%)
[2026-08-09 05:16:09] [溢价告警] 全球芯片LOF(501225) 溢价率: 31.13% (阈值: 10.0%)
[2026-08-09 05:16:11] [溢价告警] 财通福鑫定开混合(501046) 溢价率: 28.28% (阈值: 10.0%)
[2026-08-09 05:16:11] [溢价告警] 南方原油LOF(501018) 溢价率: 18.85% (阈值: 10.0%)
[2026-08-10 02:31:35] [溢价告警] 国投白银LOF(161226) 溢价率: 20.08% (阈值: 10.0%)
[2026-08-10 02:31:36] [溢价告警] 原油LOF易方达(161129) 溢价率: 15.49% (阈值: 10.0%)
[2026-08-10 02:31:39] [溢价告警] 嘉实原油LOF(160723) 溢价率: 12.39% (阈值: 10.0%)
[2026-08-10 02:31:39] [溢价告警] 全球芯片LOF(501225) 溢价率: 18.02% (阈值: 10.0%)
[2026-08-10 02:31:39] [溢价告警] 财通福鑫定开混合(501046) 溢价率: 17.56% (阈值: 10.0%)
[2026-08-10 02:31:40] [溢价告警] 南方原油LOF(501018) 溢价率: 16.59% (阈值: 10.0%)
[2026-08-10 05:43:06] [溢价告警] 国投白银LOF(161226) 溢价率: 16.70% (阈值: 10.0%)
[2026-08-10 05:43:06] [溢价告警] 原油LOF易方达(161129) 溢价率: 12.22% (阈值: 10.0%)
[2026-08-10 05:43:07] [溢价告警] 全球芯片LOF(501225) 溢价率: 18.02% (阈值: 10.0%)
[2026-08-10 05:43:08] [溢价告警] 财通福鑫定开混合(501046) 溢价率: 30.61% (阈值: 10.0%)
[2026-08-10 05:43:09] [溢价告警] 南方原油LOF(501018) 溢价率: 11.63% (阈值: 10.0%)
[2026-08-11 02:25:13] [溢价告警] 国投白银LOF(161226) 溢价率: 12.74% (阈值: 10.0%)
[2026-08-11 02:25:13] [溢价告警] 原油LOF易方达(161129) 溢价率: 10.89% (阈值: 10.0%)
[2026-08-11 02:25:14] [溢价告警] 财通福鑫定开混合(501046) 溢价率: 30.25% (阈值: 10.0%)
[2026-08-12 02:41:12] [溢价告警] 全球芯片LOF(501225) 溢价率: 12.16% (阈值: 10.0%)
[2026-08-12 02:41:13] [溢价告警] 科创主题投资基金LOF(501080) 溢价率: 18.00% (阈值: 10.0%)
[2026-08-12 02:41:13] [溢价告警] 财通福鑫定开混合(501046) 溢价率: 40.74% (阈值: 10.0%)
[2026-08-12 05:44:20] [溢价告警] 全球芯片LOF(501225) 溢价率: 11.34% (阈值: 10.0%)
[2026-08-12 05:44:21] [溢价告警] 科创主题投资基金LOF(501080) 溢价率: 17.22% (阈值: 10.0%)
[2026-08-12 05:44:21] [溢价告警] 财通福鑫定开混合(501046) 溢价率: 40.74% (阈值: 10.0%)
[2026-08-13 02:44:32] [溢价告警] 全球芯片LOF(501225) 溢价率: 13.91% (阈值: 10.0%)
[2026-08-13 02:44:34] [溢价告警] 科创主题投资基金LOF(501080) 溢价率: 12.16% (阈值: 10.0%)
[2026-08-13 02:44:34] [溢价告警] 财通福鑫定开混合(501046) 溢价率: 43.61% (阈值: 10.0%)
[2026-08-13 05:46:44] [溢价告警] 全球芯片LOF(501225) 溢价率: 13.94% (阈值: 10.0%)
[2026-08-13 05:46:50] [溢价告警] 科创主题投资基金LOF(501080) 溢价率: 10.73% (阈值: 10.0%)
[2026-08-13 05:46:52] [溢价告警] 财通福鑫定开混合(501046) 溢价率: 45.81% (阈值: 10.0%)
[2026-08-14 02:43:26] [溢价告警] 全球芯片LOF(501225) 溢价率: 15.16% (阈值: 10.0%)
[2026-08-14 02:43:27] [溢价告警] 财通福鑫定开混合(501046) 溢价率: 47.90% (阈值: 10.0%)
[2026-08-14 05:44:39] [溢价告警] 全球芯片LOF(501225) 溢价率: 18.69% (阈值: 10.0%)
[2026-08-14 05:44:40] [溢价告警] 财通福鑫定开混合(501046) 溢价率: 47.90% (阈值: 10.0%)
[2026-08-15 01:47:41] [溢价告警] 全球芯片LOF(501225) 溢价率: 21.29% (阈值: 10.0%)
[2026-08-15 01:47:42] [溢价告警] 财通福鑫定开混合(501046) 溢价率: 43.68% (阈值: 10.0%)
[2026-08-15 04:43:53] [溢价告警] 全球芯片LOF(501225) 溢价率: 21.29% (阈值: 10.0%)
[2026-08-15 04:43:54] [溢价告警] 财通福鑫定开混合(501046) 溢价率: 43.68% (阈值: 10.0%)
[2026-08-16 01:55:37] [溢价告警] 全球芯片LOF(501225) 溢价率: 21.29% (阈值: 10.0%)
[2026-08-16 01:55:39] [溢价告警] 财通福鑫定开混合(501046) 溢价率: 43.68% (阈值: 10.0%)
[2026-08-16 04:47:34] [溢价告警] 全球芯片LOF(501225) 溢价率: 21.29% (阈值: 10.0%)
[2026-08-16 04:47:39] [溢价告警] 财通福鑫定开混合(501046) 溢价率: 43.68% (阈值: 10.0%)
[2026-08-17 01:53:29] [溢价告警] 全球芯片LOF(501225) 溢价率: 21.29% (阈值: 10.0%)
[2026-08-17 01:53:30] [溢价告警] 财通福鑫定开混合(501046) 溢价率: 43.68% (阈值: 10.0%)
[2026-08-17 04:57:06] [溢价告警] 全球芯片LOF(501225) 溢价率: 18.47% (阈值: 10.0%)
[2026-08-17 04:57:07] [溢价告警] 财通福鑫定开混合(501046) 溢价率: 46.64% (阈值: 10.0%)
[2026-08-18 01:48:36] [溢价告警] 全球芯片LOF(501225) 溢价率: 23.56% (阈值: 10.0%)
[2026-08-18 01:48:37] [溢价告警] 财通福鑫定开混合(501046) 溢价率: 41.13% (阈值: 10.0%)
[2026-08-18 04:48:18] [溢价告警] 全球芯片LOF(501225) 溢价率: 21.45% (阈值: 10.0%)
[2026-08-18 04:48:20] [溢价告警] 财通福鑫定开混合(501046) 溢价率: 41.13% (阈值: 10.0%)
[2026-08-19 01:51:23] [溢价告警] 原油LOF易方达(161129) 溢价率: 10.31% (阈值: 10.0%)
[2026-08-19 01:51:23] [溢价告警] 全球芯片LOF(501225) 溢价率: 13.58% (阈值: 10.0%)
[2026-08-19 01:51:24] [溢价告警] 财通福鑫定开混合(501046) 溢价率: 42.03% (阈值: 10.0%)
[2026-08-19 04:49:00] [溢价告警] 原油LOF易方达(161129) 溢价率: 10.48% (阈值: 10.0%)
[2026-08-19 04:49:01] [折价告警] 科创板博时(506005) 折价率: 10.94% (阈值: 10.0%)
[2026-08-19 04:49:01] [溢价告警] 全球芯片LOF(501225) 溢价率: 13.37% (阈值: 10.0%)
[2026-08-19 04:49:04] [溢价告警] 财通福鑫定开混合(501046) 溢价率: 27.83% (阈值: 10.0%)
[2026-08-20 01:49:25] [溢价告警] 全球芯片LOF(501225) 溢价率: 19.84% (阈值: 10.0%)
[2026-08-20 01:49:27] [溢价告警] 财通福鑫定开混合(501046) 溢价率: 41.36% (阈值: 10.0%)
[2026-08-20 04:50:20] [溢价告警] 全球芯片LOF(501225) 溢价率: 18.81% (阈值: 10.0%)
[2026-08-20 04:50:21] [溢价告警] 财通福鑫定开混合(501046) 溢价率: 35.11% (阈值: 10.0%)
[2026-08-21 01:55:49] [溢价告警] 全球芯片LOF(501225) 溢价率: 19.24% (阈值: 10.0%)
[2026-08-21 01:55:50] [溢价告警] 财通福鑫定开混合(501046) 溢价率: 34.89% (阈值: 10.0%)
[2026-08-21 04:50:51] [溢价告警] 全球芯片LOF(501225) 溢价率: 19.11% (阈值: 10.0%)
[2026-08-21 04:51:01] [溢价告警] 财通福鑫定开混合(501046) 溢价率: 28.92% (阈值: 10.0%)
[2026-08-22 01:48:26] [溢价告警] 全球芯片LOF(501225) 溢价率: 19.38% (阈值: 10.0%)
[2026-08-22 01:48:27] [溢价告警] 财通福鑫定开混合(501046) 溢价率: 29.86% (阈值: 10.0%)
[2026-08-22 04:46:00] [溢价告警] 全球芯片LOF(501225) 溢价率: 19.38% (阈值: 10.0%)
[2026-08-22 04:46:02] [溢价告警] 财通福鑫定开混合(501046) 溢价率: 29.86% (阈值: 10.0%)
[2026-08-23 01:58:09] [溢价告警] 全球芯片LOF(501225) 溢价率: 19.38% (阈值: 10.0%)
[2026-08-23 01:58:10] [溢价告警] 财通福鑫定开混合(501046) 溢价率: 29.86% (阈值: 10.0%)
[2026-08-23 04:49:31] [溢价告警] 全球芯片LOF(501225) 溢价率: 19.38% (阈值: 10.0%)
[2026-08-23 04:49:34] [溢价告警] 财通福鑫定开混合(501046) 溢价率: 29.86% (阈值: 10.0%)
[2026-08-24 01:56:21] [溢价告警] 全球芯片LOF(501225) 溢价率: 16.85% (阈值: 10.0%)
[2026-08-24 01:56:22] [溢价告警] 财通福鑫定开混合(501046) 溢价率: 29.86% (阈值: 10.0%)
